,COD_APE,DATA_INS,RESIDENZIALE,NON_RESIDENZIALE,COMUNE_CATASTALE,SEZIONE,FOGLIO,PARTICELLA,SUBALTERNO,PROPRIETA_PUBBLICA,USO_PUBBLICO,CLASSIFICAZIONE_DPR,INTERO_EDIFICIO,UNITA_IMMOBILIARE,GRUPPO_UNITA_IMMOBILIARI,NUMERO_UNITA_IMMOBILIARI,NUOVA_COSTRUZIONE,PASSAGGIO_PROPRIETA,LOCAZIONE,RISTRUTTURAZIONE_IMPORTANTE,RIQUALIFICAZIONE_ENERGETICA,OGGETTO_ALTRO,OGGETTO_ALTRO_TXT,REGIONE,COMUNE,INDIRIZZO,FullAddress,PIANO,INTERNO,WGS84_X,WGS84_Y,location,ZONA_CLIMATICA,ANNO_COSTRUZIONE,SUPERF_UTILE_RISCALDATA,SUPERF_UTILE_RAFFRESCATA,VOLUME_LORDO_RISCALDATO,VOLUME_LORDO_RAFFRESCATO,CLIMATIZZAZIONE_INVERNALE,CLIMATIZZAZIONE_ESTIVA,VENTILAZIONE_MECCANICA,PROD_ACQUA_CALDA_SANITARIA,ILLUMINAZIONE,TRASPORTO_PERSONE_COSE,PI,PE,EDIFICIO_ENERGIA_QUASI_ZERO,CLASSE_ENERGETICA,EP_GL_NREN,Y,Z,EP_GL_REN,EMISSIONI_CO2,CONSUMI_ENERGIA_ELETTRICA,CONSUMI_GAS_NATURALE,CONSUMI_GPL,CONSUMI_CARBONE,CONSUMI_GASOLIO,CONSUMI_BIOMASSE_SOLIDE,CONSUMI_BIOMASSE_LIQUIDE,CONSUMI_BIOMASSE_GASSOSE,CONSUMI_SOLARE_FOTOVOLTAICO,CONSUMI_SOLARE_TERMICO,CONSUMI_EOLICO,CONSUMI_TELERISCALDAMENTO,CONSUMI_TELERAFFRESCAMENTO,CONSUMI_ALTRO,RIQ_CLASSE_RAGG,RIQ_EP_GL_NREN_RAGG,DS_CODICE_INTERVENTO_1,DS_TIPO_INTERVENTO_1,FL_COMPORTA_RISTRUT_1,NM_TEMPO_RITORNO_INVESTIM_1,DS_CLASSE_RAGGIUNGIBILE_1,NM_EP_GL_NREN_RAGGIUNG_1,DS_CODICE_INTERVENTO_2,DS_TIPO_INTERVENTO_2,FL_COMPORTA_RISTRUT_2,NM_TEMPO_RITORNO_INVESTIM_2,DS_CLASSE_RAGGIUNGIBILE_2,NM_EP_GL_NREN_RAGGIUNG_2,DS_CODICE_INTERVENTO_3,DS_TIPO_INTERVENTO_3,FL_COMPORTA_RISTRUT_3,NM_TEMPO_RITORNO_INVESTIM_3,DS_CLASSE_RAGGIUNGIBILE_3,NM_EP_GL_NREN_RAGGIUNG_3,DS_CODICE_INTERVENTO_4,DS_TIPO_INTERVENTO_4,FL_COMPORTA_RISTRUT_4,NM_TEMPO_RITORNO_INVESTIM_4,DS_CLASSE_RAGGIUNGIBILE_4,NM_EP_GL_NREN_RAGGIUNG_4,DS_CODICE_INTERVENTO_5,DS_TIPO_INTERVENTO_5,FL_COMPORTA_RISTRUT_5,NM_TEMPO_RITORNO_INVESTIM_5,DS_CLASSE_RAGGIUNGIBILE_5,NM_EP_GL_NREN_RAGGIUNG_5,DS_CODICE_INTERVENTO_6,DS_TIPO_INTERVENTO_6,FL_COMPORTA_RISTRUT_6,NM_TEMPO_RITORNO_INVESTIM_6,DS_CLASSE_RAGGIUNGIBILE_6,NM_EP_GL_NREN_RAGGIUNG_6,DS_CODICE_INTERVENTO_7,DS_TIPO_INTERVENTO_7,FL_COMPORTA_RISTRUT_7,NM_TEMPO_RITORNO_INVESTIM_7,DS_CLASSE_RAGGIUNGIBILE_7,NM_EP_GL_NREN_RAGGIUNG_7,ENERGIA_ESPORTATA,VETTORE_ENERGETICO,SUPERFICIE_DISPERDENTE,RAPPORTO_SV,EP_H_ND,A_SOL_EST_A_SUP_UTILE,Y_IE,CI_TIPO_IMPIANTO_1,CI_CODICE_CATASTO_1,CI_VETTORE_ENERGETICO_1,CI_POTENZA_NOMINALE_1,CI_TIPO_IMPIANTO_2,CI_VETTORE_ENERGETICO_2,CI_POTENZA_NOMINALE_2,CI_EFFICIENZA_MEDIA,CI_EPREN,CI_EPNREN,CE_TIPO_IMPIANTO_1,CE_VETTORE_ENERGETICO_1,CE_POTENZA_NOMINALE_1,CE_TIPO_IMPIANTO_2,CE_VETTORE_ENERGETICO_2,CE_POTENZA_NOMINALE_2,CE_EFFICIENZA_MEDIA,CE_EPREN,CE_EPNREN,PA_TIPO_IMPIANTO,PA_VETTORE_ENERGETICO,PA_POTENZA_NOMINALE,PA_EFFICIENZA_MEDIA,PA_EPREN,PA_EPNREN,IC_TIPO_IMPIANTO,IC_VETTORE_ENERGETICO,IC_POTENZA_NOMINALE,IC_EFFICIENZA_MEDIA,IC_EPREN,IC_EPNREN,PFR_TIPO_IMPIANTO_1,PFR_VETTORE_ENERGETICO_1,PFR_POTENZA_NOMINALE_1,PFR_EFFICIENZA_MEDIA_1,PFR_EPREN_1,PFR_EPNREN_1,PFR_TIPO_IMPIANTO_2,PFR_VETTORE_ENERGETICO_2,PFR_POTENZA_NOMINALE_2,PFR_EFFICIENZA_MEDIA_2,PFR_EPREN_2,PFR_EPNREN_2,VM_TIPO_IMPIANTO,VM_ANNO_INSTALLAZIONE,VM_VETTORE_ENERGETICO,VM_POTENZA_NOMINALE,VM_EFFICIENZA_MEDIA,VM_EPREN,VM_EPNREN,ILL_TIPO_IMPIANTO,ILL_VETTORE_ENERGETICO,ILL_POTENZA_NOMINALE,ILL_EFFICIENZA_MEDIA,ILL_EPREN,ILL_EPNREN,TPC_TIPO_IMPIANTO_1,TPC_VETTORE_ENERGETICO_1,TPC_POTENZA_NOMINALE_1,TPC_EFFICIENZA_MEDIA_1,TPC_EPREN_1,TPC_EPNREN_1,TPC_TIPO_IMPIANTO_2,TPC_VETTORE_ENERGETICO_2,TPC_POTENZA_NOMINALE_2,TPC_EFFICIENZA_MEDIA_2,TPC_EPREN_2,TPC_EPNREN_2,SOPRALLUOGO,SW_REQUISITI,SW_SEMPLIFICATO,ENTE_PUBBLICO,TECNICO_ABILITATO,SOCIETA,NOME_DENOMINAZIONE_CERT,TITOLO_CERT,ORDINE_CERT,Limiti amministrativi 2015 delle province di Regione Lombardia,ATS Regione Lombardia,:@computed_region_6hky_swhk,lat,lng
0,1711700009117,27/06/2017,True,False,NAVE,NCT,29,137,5,False,False,E.1(1),False,True,False,1,False,False,False,True,False,False,,Lombardia,NAVE,VIA FUCINE 7,VIA FUCINE 7 NAVE,1,,45.58470795383229,10.287094490572047,"(45.58470795383229, 10.287094490572048)",E,1977-1992,54.22,0.0,207.58,0.0,True,False,False,True,False,False,yellow,green,False,B,112.04,"B (98,26)",,0.0,21.32,0.0,582.04,0,0,0.0,0,0,0,0,0,0,0,0,0,B,97.68,1.0,Fabbricato - involucro opaco,No,0.0,5.0,97.68,,,,,,,,,,,,,,,,,,,,,,,,,,,,,,,7.0,Cumulativo,No,0.0,5.0,97.68,0.0,,176.34,0.85,67.58,0.01,0.08,Generatore a combustione,,Gas naturale,23.6,,,,0.81,0.0,83.05,,,,,,,0.0,0.0,0.0,Generatore a combustione,Gas naturale,26.0,0.72,0.0,28.99,,,,,,,,,,,,,,,,,,,,,,,,0.0,0,,,0.0,,0.0,0.0,,,,0.0,0.0,0.0,,,,0.0,0.0,0.0,True,True,False,False,True,False,MANUEL BETTINSOLI,Diploma di laurea in ingegneria,Ordine degli ingegneri,6.0,2.0,6.0,45.5859779,10.2886207
1,1508700029717,29/06/2017,True,False,CORNAREDO,,6,203,706,False,False,E.1(1),False,True,False,2,False,True,False,False,False,False,,Lombardia,CORNAREDO,VIALE DELLA REPUBBLICA 115,VIALE DELLA REPUBBLICA 115 CORNAREDO,,,45.49921190618173,9.020805246271744,"(45.49921190618173, 9.020805246271744)",E,1961-1976,137.0,0.0,575.0,0.0,True,False,False,True,False,False,red,yellow,False,G,352.12,"B (73,94)",,0.77,67.1,223.24,4580.31,0,0,0.0,0,0,0,0,0,0,0,0,0,,,,,,,,,,,,,,,3.0,Impianto climatizzazione - inverno,No,7.0,10.0,278.1,,,,,,,,,,,,,,,,,,,,,,,,,0.0,,494.16,0.86,214.42,0.06,0.13,Generatore a combustione,SI7DH60220680203,Gas naturale,24.0,,,,0.64,0.75,333.22,,,,,,,0.0,0.0,0.0,Generatore a combustione,Gas naturale,24.0,0.77,0.01,18.9,,,,,,,,,,,,,,,,,,,,,,,,0.0,0,,,0.0,,0.0,0.0,,,,0.0,0.0,0.0,,,,0.0,0.0,0.0,True,True,False,False,True,False,GIOVANNI CATTANEO,Laurea magistrale in ingegneria,Ordine degli ingegneri,4.0,8.0,4.0,45.5091299,9.0193373
2,1212700016017,28/06/2017,True,False,TRADATE,AB,11,7084,14,False,False,E.1(1),False,True,False,1,False,False,True,False,False,False,,Lombardia,TRADATE,Viale Marconi Guglielmo  11,Viale Marconi Guglielmo  11 TRADATE,1,,45.70653154760078,8.913184313604894,"(45.706531547600775, 8.913184313604894)",E,2006,37.0,0.0,121.2,0.0,True,False,False,True,False,False,red,green,False,C,73.44,"B (56,26)",,0.0,13.97,0.0,260.35,0,0,0.0,0,0,0,0,0,0,0,0,0,,,,,,,,,,,,,,,3.0,Impianto climatizzazione - inverno,No,53.6,6.0,70.63,,,,,,,,,,,,,,,,,,,,,,,,,0.0,,59.77,0.49,35.92,0.01,0.06,Generatore a combustione,,Gas naturale,20.0,,,,0.72,0.0,49.99,,,,,,,0.0,0.0,0.0,Generatore a combustione,Gas naturale,20.0,0.76,0.0,23.45,,,,,,,,,,,,,,,,,,,,,,,,0.0,0,,,0.0,,0.0,0.0,,,,0.0,0.0,0.0,,,,0.0,0.0,0.0,True,True,False,False,True,False,Daniele Marchioro,Diploma di geometra,Collegio dei geometri,1.0,3.0,1.0,45.70655,8.9128779
3,1702900219819,02/07/2019,True,False,BRESCIA,,30,1496,96,False,False,E.1 (1),False,True,False,10,False,True,False,False,False,False,,Lombardia,BRESCIA,via Campo Marte 17,via Campo Marte 17 BRESCIA,,,,,,E,1930-1945,86.4,0.0,337.0,0.0,True,False,False,True,False,False,red,yellow,False,G,188.98,"B (52,11)",,0.0,35.96,0.0,1564.39,0,0,0.0,0,0,0,0,0,0,0,0,0,,,1.0,Fabbricato - involucro opaco,No,10.0,8.0,127.4,,,,,,,,,,,,,,,,,,,,,,,,,,,,,,,,,,,,,0.0,,98.92,0.29,119.93,0.04,0.0,Generatore a combustione,,Gas naturale,24.76,,,,0.72,0.0,166.92,,,,,,,0.0,0.0,0.0,Generatore a combustione,Gas naturale,24.76,0.79,0.0,22.05,,,,,,,,,,,,,,,,,,,,,,,,0.0,0,,,0.0,,0.0,0.0,,,,0.0,0.0,0.0,,,,0.0,0.0,0.0,True,True,False,False,True,False,Manuela Facchi,Laurea magistrale in ingegneria,Ordine degli ingegneri,,,,45.5485409,10.2185131
4,1514601855117,29/06/2017,True,False,MILANO,,572,124,20,False,False,E.1(1),False,True,False,28,False,False,False,False,False,True,Ape volontario,Lombardia,MILANO,VIA WALTER TOBAGI 7,VIA WALTER TOBAGI 7 MILANO,3,,45.439975816719205,9.147657128617267,"(45.43997581671921, 9.147657128617269)",E,1961-1976,31.03,0.0,122.98,0.0,True,False,False,True,False,False,red,yellow,False,F,132.39,"B (50,87)",,0.13,25.21,8.82,391.95,0,0,0.0,0,0,0,0,0,0,0,0,0,,,,,,,,,,,,,,,,,,,,,,,,,,,,,,,,,,,,,,,,,,,,,0.0,,46.12,0.38,74.3,0.03,0.24,Generatore a combustione,,Gas naturale,204.0,,,,0.71,0.13,104.86,,,,,,,0.0,0.0,0.0,Scalda-acqua,Gas naturale,20.0,0.64,0.0,27.53,,,,,,,,,,,,,,,,,,,,,,,,0.0,0,,,0.0,,0.0,0.0,,,,0.0,0.0,0.0,,,,0.0,0.0,0.0,True,True,False,False,True,False,NICOLA CHIORAZZO,Laurea magistrale in ingegneria,Ordine degli ingegneri,4.0,8.0,4.0,45.4400086,9.147663
5,1909800010719,01/07/2019,True,False,SORESINA,,15,124,0,False,False,E.1 (1),True,False,False,1,False,True,False,False,False,False,,Lombardia,SORESINA,via dante 7,via dante 7 SORESINA,,,,,,E,1946-1960,73.25,0.0,312.37,0.0,True,False,False,True,False,False,red,yellow,False,G,427.18,"B (71,59)",,2.55,81.62,397.28,2923.86,0,0,0.0,0,0,0,0,0,0,0,0,0,,,,,,,,,2.0,Fabbricato - involucro trasparente,No,10.0,10.0,412.52,,,,,,,,,,,,,,,,,,,,,,,,,,,,,,,0.0,,245.76,0.79,253.48,0.02,0.41,Generatore di aria calda,,Gas naturale,16.0,,,,0.67,2.55,379.35,,,,,,,0.0,0.0,0.0,Scalda-acqua,Gas naturale,17.4,0.38,0.0,47.83,,,,,,,,,,,,,,,,,,,,,,,,0.0,0,,,0.0,,0.0,0.0,,,,0.0,0.0,0.0,,,,0.0,0.0,0.0,True,True,False,False,True,False,paolo iacchetti,Diploma di geometra,Collegio dei geometri,,,,45.2865496,9.84624
6,2001100002716,14/07/2016,True,False,CASALOLDO,,14,616,3,False,False,E.1(1),False,True,False,1,False,False,True,False,False,False,,Lombardia,CASALOLDO,VIA BELFIORE  19,VIA BELFIORE  19 CASALOLDO,-,,45.25615055595268,10.476594017148283,"(45.25615055595268, 10.476594017148283)",E,2006,71.0,0.0,274.0,0.0,True,False,False,True,False,False,red,green,False,F,206.16,"B (69,91)",,0.0,39.23,0.0,1402.47,0,0,0.0,0,0,0,0,0,0,0,0,0,,,,,,,,,,,,,,,,,,,,,,,,,,,,,,,,,,,,,,,,,,,,,0.0,,180.73,0.66,125.81,0.02,0.09,Generatore a combustione,,Gas naturale,25.8,,,,0.68,0.0,183.96,,,,,,,0.0,0.0,0.0,Generatore a combustione,Gas naturale,25.8,0.82,0.0,22.2,,,,,,,,,,,,,,,,,,,,,,,,0.0,0,,,0.0,,0.0,0.0,,,,,,,,,,,,,True,True,False,False,True,False,MAURO MORANDI,Laurea magistrale in ingegneria,Ordine degli ingegneri,9.0,4.0,9.0,45.2567669,10.47599
7,10803400030219,01/07/2019,True,False,MUGGIO',,8,74,702,False,False,E.1 (1),False,True,False,4,False,True,False,False,False,False,,Lombardia,MUGGIO`,Via XXV Aprile 48,Via XXV Aprile 48 MUGGIO`,1,,,,,E,Prima del 1930,36.34,0.0,158.06,0.0,True,False,False,True,False,False,red,green,False,G,467.32,"B (83,54)",,1.56,89.13,120.81,1604.56,0,0,0.0,0,0,0,0,0,0,0,0,0,,,1.0,Fabbricato - involucro opaco,No,20.0,10.0,344.08,,,,,,,,,,,,,,,,,,,,,,,,,,,,,,,,,,,,,0.0,,125.92,0.8,289.03,0.02,0.12,Generatore a combustione,,Gas naturale,25.8,,,,0.65,1.5,447.46,,,,,,,0.0,0.0,0.0,Generatore a combustione,Gas naturale,25.8,0.84,0.07,19.86,,,,,,,,,,,,,,,,,,,,,,,,0.0,0,,,0.0,,0.0,0.0,,,,0.0,0.0,0.0,,,,0.0,0.0,0.0,True,True,False,False,True,False,ALBERTO GHEZZI,Laurea magistrale in architettura,Ordine degli architetti,,,,45.59573899999999,9.233172
8,1702900223617,27/06/2017,False,True,BRESCIA,SBA,17,6374,41,False,False,E.5,False,True,False,1,False,True,False,False,False,False,,Lombardia,BRESCIA,VIA SAN BARTOLOMEO 23/C,VIA SAN BARTOLOMEO 23/C BRESCIA,T,,,,,E,1961-1976,68.75,68.75,379.32,379.32,True,True,False,False,True,False,red,yellow,False,E,489.72,"C (236,99)",,7.78,116.96,1137.6,0.0,0,0,0.0,0,0,0,0,0,0,20966,0,0,,,,,,,,,,,,,,,,,,,,,,,,,,,,,,,,,,,,,,,,,,,,,0.0,,250.46,0.66,250.74,0.06,0.0,Teleriscaldamento,,Teleriscaldamento,270.0,,,,0.55,0.0,457.45,Pompa di calore,Energia elettrica,5.0,,,,1.38,4.96,20.57,,,,0.0,0.0,0.0,,,,,,,,,,,,,,,,,,,,,,,,0.0,0,,,0.0,,2.82,11.7,,,,0.0,0.0,0.0,,,,0.0,0.0,0.0,True,True,False,False,True,False,GABRIELE TARLETTI,Diploma di geometra,Collegio dei geometri,,,,45.55853,10.2133012
9,10802600006517,29/06/2017,True,False,LESMO,,5,94,701,False,False,E.1(1),False,True,False,1,False,True,False,False,False,False,,Lombardia,LESMO,Via Luciano Manara 28,Via Luciano Manara 28 LESMO,T,,45.65553971276944,9.313437735102797,"(45.65553971276944, 9.313437735102795)",E,1977-1992,125.0,0.0,526.5,0.0,True,False,False,True,False,False,red,yellow,False,E,165.05,"B (76,28)",,0.0,31.41,0.0,1976.73,0,0,0.0,0,0,0,0,0,0,0,0,0,,,,,,,,,2.0,Fabbricato - involucro trasparente,No,0.2,1.0,0.0,,,,,,,,,,,,,,,,,,,,,,,,,,,,,,,0.0,,403.84,0.77,115.91,0.05,0.03,Generatore a combustione,,Gas naturale,24.0,,,,0.8,0.0,145.19,,,,,,,0.0,0.0,0.0,Generatore a combustione,Gas naturale,24.0,0.78,0.0,19.86,,,,,,,,,,,,,,,,,,,,,,,,0.0,0,,,0.0,,0.0,0.0,,,,0.0,0.0,0.0,,,,0.0,0.0,0.0,True,True,False,False,True,False,Sabatino Monti,Diploma di geometra,Collegio dei geometri,12.0,5.0,12.0,45.65569199999999,9.313519
10,1619000003716,14/04/2016,True,False,SAN PELLEGRINO TERME,,6,313,3,False,False,E.1(1),False,True,False,1,False,False,True,False,False,False,,Lombardia,SAN PELLEGRINO TERME,Via Cà de Rizzi sn,Via Cà de Rizzi sn SAN PELLEGRINO TERME,1,,45.85360902070578,9.665258733504496,"(45.85360902070578, 9.665258733504496)",E,1972,60.52,0.0,186.0,0.0,True,False,False,True,False,False,red,green,False,F,145.9,"B (50,18)",,0.0,27.76,0.0,845.99,0,0,0.0,0,0,0,0,0,0,0,0,0,,,,,,,,,,,,,,,,,,,,,,,,,,,,,,,,,,,,,,,,,,,,,0.0,,75.72,0.41,92.62,0.02,0.01,Generatore a combustione,,Gas naturale,26.0,,,,0.75,0.0,123.18,,,,,,,0.0,0.0,0.0,Generatore a combustione,Gas naturale,26.0,0.88,0.0,22.71,,,,,,,,,,,,,,,,,,,,,,,,0.0,0,,,0.0,,0.0,0.0,,,,,,,,,,,,,True,True,False,False,True,False,Mauro Pasta,Diploma di geometra,Collegio dei geometri,5.0,1.0,5.0,45.8544299,9.6646636
11,2002100010819,02/07/2019,True,False,CURTATONE,,53,223,3,False,False,E.1 (1),False,True,False,5,False,True,False,False,False,False,,Lombardia,CURTATONE,Via Guglielmo Marconi 117,Via Guglielmo Marconi 117 CURTATONE,"-1,T,1",,45.09272592149056,10.699318029184516,"(45.09272592149056, 10.699318029184516)",E,1993-2006,243.6,0.0,1126.02,0.0,True,False,False,True,False,False,yellow,red,False,B,104.72,"B (94,67)",,0.1,19.94,50.13,2434.71,0,0,0.0,0,0,0,0,0,0,0,0,0,,,,,,,,,,,,,,,,,,,,,,,,,,,,,,,,,6.0,Fonti rinnovabili,No,10.0,5.0,104.31,,,,,,,0.0,,719.55,0.64,78.56,0.04,0.22,Generatore a combustione,,Gas naturale,25.0,,,,0.87,0.09,89.96,,,,,,,0.0,0.0,0.0,Generatore a combustione,Gas naturale,25.0,0.8,0.01,14.76,,,,,,,,,,,,,,,,,,,,,,,,0.0,0,,,0.0,,0.0,0.0,,,,0.0,0.0,0.0,,,,0.0,0.0,0.0,True,True,False,False,True,False,Saveria Bulgarelli,Diploma di geometra,Collegio dei geometri,9.0,4.0,9.0,45.09294,10.69926
12,1213800009517,29/06/2017,False,True,VERGIATE,CO,2,1565,502,False,False,E.8,False,True,False,2,False,False,True,False,False,False,,Lombardia,VERGIATE,VIA LAGO 19,VIA LAGO 19 VERGIATE,T,,,,,E,1961-1976,46.2,0.0,228.24,0.0,True,False,False,False,True,False,red,yellow,False,E,783.23,"B (325,56)",,47.63,155.34,4682.34,2592.2,0,0,0.0,0,0,0,0,0,0,0,0,0,,,1.0,Fabbricato - involucro opaco,No,10.0,8.0,783.23,,,,,,,,,,,,,,,,,,,,,,,,,,,,,,,,,,,,,0.0,,115.84,0.51,628.3,0.0,0.49,Generatore a combustione,ML4IT28533651003,Gas naturale,64.4,,,,1.06,2.23,594.87,,,,,,,0.0,0.0,0.0,,,,0.0,0.0,0.0,,,,,,,,,,,,,,,,,,,,,,,,0.0,0,,,0.92,,45.4,188.36,,,,0.0,0.0,0.0,,,,0.0,0.0,0.0,True,True,False,False,True,False,MARCO MENEGHETTI,Diploma di geometra,Collegio dei geometri,,,,45.7493577,8.689148
13,1607400005019,03/07/2019,False,True,CISANO BERGAMASCO,,13,2454,701,False,False,E.2,False,True,False,1,False,True,False,False,False,False,,Lombardia,CISANO BERGAMASCO,VIA TRIESTE 9,VIA TRIESTE 9 CISANO BERGAMASCO,,,,,,E,1961-1976,50.44,0.0,224.38,0.0,True,False,False,False,True,False,red,red,False,F,399.1,"B (118,66)",,16.48,78.12,1768.62,1598.33,0,0,0.0,0,0,0,0,0,0,0,0,0,F,407.12,,,,,,,,,,,,,3.0,Impianto climatizzazione - inverno,No,5.2,9.0,407.12,,,,,,,,,,,,,,,,,,,7.0,Cumulativo,No,27.0,9.0,407.12,0.0,,154.04,0.69,242.37,0.12,0.95,Impianto simulato in quanto assente,,Gas naturale,,,,,0.73,0.0,330.72,,,,,,,0.0,0.0,0.0,,,,0.0,0.0,0.0,,,,,,,,,,,,,,,,,,,,,,,,0.0,0,,,0.76,,16.48,68.37,,,,,,,,,,,,,True,True,False,False,True,False,DAVIDE USUELLI,Diploma di geometra,Collegio dei geometri,,,,45.7413841,9.476856999999999
14,1325200007419,05/07/2019,True,False,TREMEZZINA,d,11,1874,701,False,False,E.1 (1),False,True,False,4,False,True,False,False,False,False,,Lombardia,TREMEZZINA,Via Tommaso Grossi 3,Via Tommaso Grossi 3 TREMEZZINA,,,,,,E,Prima del 1930,70.13,0.0,285.0,0.0,True,False,False,True,False,False,red,green,False,G,462.69,"B (123,84)",,0.0,88.04,0.0,3108.96,0,0,0.0,0,0,0,0,0,0,0,0,0,,,1.0,Fabbricato - involucro opaco,Si,10.0,8.0,275.28,,,,,,,,,,,,,,,,,,,,,,,,,,,,,,,,,,,,,0.0,,332.66,1.17,315.21,0.0,0.0,Impianto simulato in quanto assente,,Gas naturale,,,,,0.73,0.0,430.11,,,,,,,0.0,0.0,0.0,,,,0.57,0.0,32.57,,,,,,,,,,,,,,,,,,,,,,,,0.0,0,,,0.0,,0.0,0.0,,,,,,,,,,,,,True,True,False,False,True,False,Luciano Galli,Diploma di laurea in ingegneria,Ordine degli ingegneri,,,,45.98575,9.21905
15,10800900011917,27/06/2017,True,False,BIASSONO,,4,186,1-2,False,False,E.1(1),False,True,False,1,False,True,False,False,False,False,,Lombardia,BIASSONO,VIA CESANA E VILLA 130,VIA CESANA E VILLA 130 BIASSONO,4,,45.6238327669812,9.276242361478053,"(45.6238327669812, 9.276242361478051)",E,1955,62.6,0.0,244.0,0.0,True,False,False,True,False,False,red,yellow,False,E,203.24,"B (84,43)",,0.43,38.73,56.63,1208.43,0,0,0.0,0,0,0,0,0,0,0,0,0,,,,,,,,,,,,,,,,,,,,,,,,,,,,,,,,,,,,,,,,,,,,,0.0,,151.44,0.62,132.83,0.03,0.04,Generatore a combustione,KG6K840794660903,Gas naturale,24.0,,,,0.74,0.43,179.3,,,,,,,0.0,0.0,0.0,Generatore a combustione,Gas naturale,24.0,0.78,0.0,23.94,,,,,,,,,,,,,,,,,,,,,,,,0.0,0,,,0.0,,0.0,0.0,,,,0.0,0.0,0.0,,,,0.0,0.0,0.0,True,True,False,False,True,False,PAOLO GUALDONI,Diploma di geometra,Collegio dei geometri,12.0,5.0,12.0,45.6241418,9.2762531
16,1605100007119,06/07/2019,True,False,CAPRIATE SAN GERVASIO,ca,2,2922,9,False,False,E.1 (1),False,True,False,12,False,False,True,False,False,False,,Lombardia,CAPRIATE SAN GERVASIO,VIA CARLO PORTA 3,VIA CARLO PORTA 3 CAPRIATE SAN GERVASIO,,,,,,E,2007,42.34,0.0,157.53,0.0,True,False,False,True,False,False,red,green,False,D,81.09,"B (53,77)",,0.0,15.43,0.0,328.98,0,0,0.0,0,0,0,0,0,0,0,0,0,,,,,,,,,2.0,Fabbricato - involucro trasparente,No,6.0,6.0,78.81,,,,,,,,,,,,,,,,,,,,,,,,,,,,,,,0.0,,56.05,0.36,42.21,0.02,0.13,Generatore a combustione,,Gas naturale,23.9,,,,0.74,0.0,56.96,,,,,,,0.0,0.0,0.0,Generatore a combustione,Gas naturale,23.9,0.78,0.0,24.14,,,,,,,,,,,,,,,,,,,,,,,,0.0,0,,,0.0,,0.0,0.0,,,,0.0,0.0,0.0,,,,0.0,0.0,0.0,True,True,False,False,True,False,Omar Borghetti,Diploma di geometra,Collegio dei geometri,,,,45.608059,9.5312269
17,1601600013817,01/07/2017,True,False,AZZANO SAN PAOLO,,2,797,1,False,False,E.1(1),True,False,False,1,False,True,False,False,False,False,,Lombardia,AZZANO SAN PAOLO,via Vittorio Veneto  5,via Vittorio Veneto  5 AZZANO SAN PAOLO,,,,,,E,1961-1976,81.14,0.0,357.55,0.0,True,False,False,True,False,False,red,red,False,G,326.74,"B (83,23)",,0.0,62.17,0.0,2540.14,0,0,0.0,0,0,0,0,0,0,0,0,0,,,,,,,,,2.0,Fabbricato - involucro trasparente,No,10.0,9.0,310.2,,,,,,,,,,,,,,,,,,,,,,,,,,,,,,,0.0,,305.79,0.86,207.33,0.03,1.0,Generatore a combustione,,Gas naturale,24.6,,,,0.68,0.0,303.17,,,,,,,0.0,0.0,0.0,Generatore a combustione,Gas naturale,24.6,0.74,0.0,23.57,,,,,,,,,,,,,,,,,,,,,,,,0.0,0,,,0.0,,0.0,0.0,,,,0.0,0.0,0.0,,,,0.0,0.0,0.0,True,True,False,False,True,False,Angelo Matarozzo,Diploma di geometra,Collegio dei geometri,,,,45.66458610000001,9.672814899999999
18,10802800052719,01/07/2019,False,True,LISSONE,,14,16,3,False,False,E.8,False,True,False,2,False,True,False,False,False,False,,Lombardia,LISSONE,Via Como 109,Via Como 109 LISSONE,,,45.62043098994741,9.232572402961631,"(45.62043098994741, 9.23257240296163)",E,Prima del 1930,44.87,0.0,226.66,0.0,True,False,False,False,True,False,red,red,False,F,505.79,"B (159,82)",,31.95,100.47,3050.14,1604.56,0,0,0.0,0,0,0,0,0,0,0,0,0,,,1.0,Fabbricato - involucro opaco,No,15.0,8.0,378.57,,,,,,,,,,,,,,,,,,,,,,,,,,,,,,,,,,,,,0.0,,168.2,0.74,233.34,0.14,0.23,Generatore di aria calda,,Gas naturale,10.3,,,,0.63,0.0,373.23,,,,,,,0.0,0.0,0.0,,,,0.0,0.0,0.0,,,,,,,,,,,,,,,,,,,,,,,,0.0,0,,,0.9,,31.95,132.56,,,,0.0,0.0,0.0,,,,0.0,0.0,0.0,True,True,False,False,True,False,Davide Mariani,Diploma di laurea in ingegneria,Ordine degli ingegneri,12.0,5.0,12.0,45.6188495,9.234280199999999
19,1615500003719,03/07/2019,True,False,PALADINA,FA,2,403,711,False,False,E.1 (1),False,True,False,1,False,True,False,False,False,False,,Lombardia,PALADINA,Via Sottoripa 13,Via Sottoripa 13 PALADINA,T,,,,,E,1961-1976,58.1,0.0,222.1,0.0,True,False,False,True,False,False,red,red,False,G,251.21,"B (47,42)",,0.0,47.8,0.0,1398.41,0,0,0.0,0,0,0,0,0,0,0,0,0,F,163.4,1.0,Fabbricato - involucro opaco,No,0.0,1.0,0.0,,,,,,,,,,,,,,,,,,,,,,,,,,,,,,,7.0,Cumulativo,No,5.2,9.0,163.4,0.0,,135.04,0.61,166.98,0.05,0.37,Generatore a combustione,,Gas naturale,26.0,,,,0.74,0.0,226.04,,,,,,,0.0,0.0,0.0,Generatore a combustione,Gas naturale,26.0,0.78,0.0,25.16,,,,,,,,,,,,,,,,,,,,,,,,0.0,0,,,0.0,,0.0,0.0,,,,0.0,0.0,0.0,,,,0.0,0.0,0.0,True,True,False,False,True,False,Massimiliano Russo,Diploma di geometra,Collegio dei geometri,,,,45.7277742,9.6015528
20,1406100024017,26/06/2017,True,False,SONDRIO,,30,31,4,False,False,E.1(2),False,True,False,3,False,True,False,False,False,False,,Lombardia,SONDRIO,Via Riatti Frazione S. Anna 7/D,Via Riatti Frazione S. Anna 7/D SONDRIO,,,46.17398155480285,9.85780023525263,"(46.17398155480284, 9.85780023525263)",E,1961-1976,67.3,0.0,239.1,0.0,True,False,False,True,False,False,red,yellow,False,E,141.97,"B (57,55)",,0.0,27.01,0.0,915.43,0,0,0.0,0,0,0,0,0,0,0,0,0,,,,,,,,,,,,,,,,,,,,,,,,,,,,,,,,,,,,,,,,,,,,,0.0,,141.44,0.59,102.2,0.07,0.09,Generatore a combustione,,Gas naturale,30.6,,,,0.85,0.0,120.45,,,,,,,0.0,0.0,0.0,Generatore a combustione,Gas naturale,30.6,0.91,0.0,21.52,,,,,,,,,,,,,,,,,,,,,,,,0.0,0,,,0.0,,0.0,0.0,,,,0.0,0.0,0.0,,,,0.0,0.0,0.0,True,True,False,False,True,False,FEDERICO NEGRINI,Diploma di perito industriale o di istruzione tecnica,Collegio dei periti industriali,3.0,7.0,3.0,46.1739022,9.856983999999999
21,1213000007319,01/07/2019,True,False,UBOLDO,,9,10816,0,False,False,E.1 (1),False,True,False,1,False,False,False,False,False,True,Ape volontario,Lombardia,UBOLDO,Via Magenta 20,Via Magenta 20 UBOLDO,,,,,,E,1946-1960,33.6,0.0,161.17,0.0,True,False,False,True,False,False,red,red,False,G,733.65,"B (113,9)",,0.0,139.6,0.0,2361.84,0,0,0.0,0,0,0,0,0,0,0,0,0,,,,,,,,,2.0,Fabbricato - involucro trasparente,No,6.0,10.0,693.46,,,,,,,,,,,,,,,,,,,,,,,,,,,,,,,0.0,,179.92,1.12,515.27,0.06,0.33,Impianto simulato in quanto assente,,Gas naturale,,,,,0.73,0.0,703.1,,,,,,,0.0,0.0,0.0,,,,0.57,0.0,30.55,,,,,,,,,,,,,,,,,,,,,,,,0.0,0,,,0.0,,0.0,0.0,,,,,,,,,,,,,True,True,False,False,True,False,EMANUELE FERRARI,Diploma di perito industriale o di istruzione tecnica,Collegio dei periti industriali,,,,45.6099554,9.0023666
22,1620200005519,02/07/2019,True,False,SORISOLE,,15,8325,3,False,False,E.1 (1),False,True,False,1,False,True,False,False,False,False,,Lombardia,SORISOLE,VIA MICHELANGELO BUONARROTI 17,VIA MICHELANGELO BUONARROTI 17 SORISOLE,1,,,,,E,1972,86.15,0.0,326.01,0.0,True,False,False,True,False,False,red,red,False,G,198.67,"B (56,25)",,0.0,37.8,0.0,1639.91,0,0,0.0,0,0,0,0,0,0,0,0,0,,,1.0,Fabbricato - involucro opaco,Si,4.6,6.0,80.66,,,,,,,,,,,,,,,,,,,,,,,,,,,,,,,,,,,,,0.0,,120.65,0.37,142.12,0.05,0.28,Generatore a combustione,B5O4426332664603,Gas naturale,26.2,,,,0.81,0.0,176.15,,,,,,,0.0,0.0,0.0,Generatore a combustione,Gas naturale,26.2,0.79,0.0,22.52,,,,,,,,,,,,,,,,,,,,,,,,0.0,0,,,0.0,,0.0,0.0,,,,0.0,0.0,0.0,,,,0.0,0.0,0.0,True,True,False,False,True,False,Roberto Galli,Diploma di geometra,Collegio dei geometri,,,,45.7417989,9.6591446
23,1514601866817,30/06/2017,True,False,MILANO,,516,160,160,False,False,E.1(1),False,True,False,20,False,True,False,False,False,False,,Lombardia,MILANO,vespri siciliani 7,vespri siciliani 7 MILANO,,,,,,E,1946-1960,17.0,0.0,77.7,0.0,True,False,False,True,False,False,red,green,False,E,153.91,"B (71,57)",,0.0,29.29,0.0,250.7,0,0,0.0,0,0,0,0,0,0,0,0,0,,,,,,,,,,,,,,,,,,,,,,,,,,,,,,,,,,,,,,,,,,,,,0.0,,12.75,0.16,71.25,0.02,0.0,Impianto simulato in quanto assente,,Gas naturale,,,,,0.73,0.0,97.23,,,,,,,0.0,0.0,0.0,Impianto simulato in quanto assente,Gas naturale,,0.57,0.0,56.69,,,,,,,,,,,,,,,,,,,,,,,,0.0,0,,,0.0,,0.0,0.0,,,,,,,,,,,,,True,True,False,False,True,False,massimo nebuloni,Diploma di laurea in architettura,Ordine degli architetti,,,,45.4532749,9.151437099999999
24,1614300006117,26/06/2017,True,False,MOZZO,,3,72,3,False,False,E.1(1),False,True,False,1,False,False,True,False,False,False,,Lombardia,MOZZO,VIA CROCETTE 2,VIA CROCETTE 2 MOZZO,PRIMO,,,,,E,1961-1976,66.38,0.0,256.61,0.0,True,False,False,True,False,False,red,yellow,False,E,145.0,"B (60,06)",,0.0,27.59,0.0,922.19,0,0,0.0,0,0,0,0,0,0,0,0,0,,,1.0,Fabbricato - involucro opaco,No,5.0,5.0,65.93,,,,,,,,,,,,,,,,,,,,,,,,,,,,,,,,,,,,,0.0,,98.15,0.38,87.91,0.01,0.47,Generatore a combustione,,Gas naturale,24.51,,,,0.73,0.0,120.9,,,,,,,0.0,0.0,0.0,Generatore a combustione,Gas naturale,24.51,0.78,0.0,24.09,,,,,,,,,,,,,,,,,,,,,,,,0.0,0,,,0.0,,0.0,0.0,,,,0.0,0.0,0.0,,,,0.0,0.0,0.0,True,True,False,False,True,False,Andrea Bacuzzi,Diploma di geometra,Collegio dei geometri,,,,45.6939727,9.605855199999999
25,9805000012119,03/07/2019,True,False,SANT'ANGELO LODIGIANO,,12,34,1,False,False,E.1 (1),False,True,False,6,False,True,False,False,False,False,,Lombardia,SANT`ANGELO LODIGIANO,VIA STATUTO 101,VIA STATUTO 101 SANT`ANGELO LODIGIANO,,,,,,E,1946-1960,38.72,0.0,213.84,0.0,True,False,False,True,False,False,red,green,False,G,304.68,"B (56,8)",,0.0,57.98,0.0,1130.32,0,0,0.0,0,0,0,0,0,0,0,0,0,,,1.0,Fabbricato - involucro opaco,No,10.0,10.0,257.9,,,,,,,,,,,,,,,,,,,,,,,,,,,,,,,,,,,,,0.0,,66.38,0.31,200.41,0.02,0.0,Impianto simulato in quanto assente,,Gas naturale,,,,,0.73,0.0,273.47,,,,,,,0.0,0.0,0.0,,,,0.57,0.0,31.21,,,,,,,,,,,,,,,,,,,,,,,,0.0,0,,,0.0,,0.0,0.0,,,,,,,,,,,,,True,True,False,False,True,False,Mattia Zanoni,Laurea magistrale in ingegneria,Ordine degli ingegneri,,,,45.241015,9.401715
26,1202600093617,29/06/2017,True,False,BUSTO ARSIZIO,10,8674,506,502,False,False,E.1(1),False,True,False,2,False,False,False,True,False,False,,Lombardia,BUSTO ARSIZIO,VIA ROBERTO CULIN 15,VIA ROBERTO CULIN 15 BUSTO ARSIZIO,TERRA,,,,,E,1930-1945,68.25,0.0,297.05,0.0,True,False,False,True,False,False,yellow,yellow,False,A1,102.15,"A3 (51,78)",,0.0,19.44,0.0,667.97,0,0,0.0,0,0,0,0,0,0,0,0,0,,,,,,,,,,,,,,,,,,,,,,,,,,,,,,,,,,,,,,,,,,,,,0.0,,225.67,0.76,66.79,0.02,1.0,Generatore a combustione,,Gas naturale,26.0,Solare termico,Solare termico,2.0,0.91,0.0,73.4,,,,,,,0.0,0.0,0.0,Generatore a combustione,Gas naturale,26.0,0.65,0.0,28.75,,,,,,,Solare termico,Solare termico,2.0,,,,,,,,,,,,,,,0.0,0,,,0.0,,0.0,0.0,,,,0.0,0.0,0.0,,,,0.0,0.0,0.0,True,True,False,False,True,False,DEBORAH FOSSA,Diploma di geometra,Collegio dei geometri,,,,45.6167208,8.8518778
27,1905200003715,16/12/2015,True,False,GUSSOLA,,17,398,501,False,False,E.1(1),True,False,False,1,False,True,False,False,False,True,Ape volontario,Lombardia,GUSSOLA,VIA TRENTO TRIESTE 73,VIA TRENTO TRIESTE 73 GUSSOLA,T-1,,45.010612145686295,10.355364930533224,"(45.0106121456863, 10.355364930533225)",E,1946-1960,247.72,0.0,1035.74,0.0,True,False,False,True,False,False,red,yellow,False,G,273.63,"B (74,54)",,0.0,52.07,0.0,6494.58,0,0,0.0,0,0,0,0,0,0,0,0,0,,,,,,,,,,,,,,,,,,,,,,,,,,,,,,,,,,,,,,,,,,,,,0.0,,526.45,0.51,185.27,0.01,0.65,Impianto simulato in quanto assente,,Gas naturale,,,,,0.73,0.0,252.8,,,,,,,0.0,0.0,0.0,Impianto simulato in quanto assente,Gas naturale,,0.57,0.0,20.83,,,,,,,,,,,,,,,,,,,,,,,,0.0,0,,,,,0.0,0.0,,,,,,,,,,,,,True,True,False,False,True,False,DAMIANO TIZZI,Diploma di geometra,Collegio dei geometri,8.0,4.0,8.0,45.0105624,10.3553664
28,1620400002919,05/07/2019,True,False,SOVERE,,16,8405,1,False,False,E.1 (1),False,True,False,1,False,False,True,False,False,False,,Lombardia,SOVERE,via Ranch 5,via Ranch 5 SOVERE,,,,,,E,Prima del 1930,162.36,0.0,672.0,0.0,True,False,False,True,False,False,red,red,False,G,296.81,"B (90,75)",,0.0,63.71,0.0,0.0,3583,0,0.0,0,0,0,0,0,0,0,0,0,,,,,,,,,,,,,,,3.0,Impianto climatizzazione - inverno,No,5.0,9.0,280.69,,,,,,,,,,,,,,,,,,,,,,,,,0.0,,630.61,0.94,216.95,0.07,0.25,Generatore a combustione,,GPL,24.0,,,,0.78,0.0,277.51,,,,,,,0.0,0.0,0.0,Generatore a combustione,GPL,24.0,0.79,0.0,19.3,,,,,,,,,,,,,,,,,,,,,,,,0.0,0,,,0.0,,0.0,0.0,,,,0.0,0.0,0.0,,,,0.0,0.0,0.0,True,True,False,False,True,False,Angelo Bertoni,Laurea magistrale in architettura,,,,,45.8114465,10.01871
29,1208300010317,25/06/2017,False,True,INDUNO OLONA,,14,1929,513,False,False,E.5,False,True,False,2,False,True,False,False,False,False,,Lombardia,INDUNO OLONA,Via Bruno Jamoretti 16,Via Bruno Jamoretti 16 INDUNO OLONA,T,,,,,E,1930-1945,187.37,0.0,819.66,0.0,True,False,False,False,True,False,red,yellow,False,G,670.71,"B (131,7)",,2.82,128.0,1124.22,11830.79,0,0,0.0,0,0,0,0,0,0,0,0,0,,,1.0,Fabbricato - involucro opaco,No,3.2,8.0,274.55,,,,,,,,,,,,,,,,,,,,,,,,,,,,,,,,,,,,,0.0,,708.81,0.86,482.96,0.02,0.46,Impianto simulato in quanto assente,,Gas naturale,,,,,0.73,0.0,659.01,,,,,,,0.0,0.0,0.0,Impianto simulato in quanto assente,Gas naturale,,0.0,0.0,0.0,,,,,,,,,,,,,,,,,,,,,,,,0.0,0,,,0.0,,2.82,11.7,,,,,,,,,,,,,True,True,False,False,True,False,MATTEO INTERMITE,Diploma di geometra,Collegio dei geometri,,,,45.8463181,8.839753199999999
30,1208300010517,01/07/2017,True,False,INDUNO OLONA,,14,5329,12,False,False,E.1(1),False,True,False,1,False,True,False,False,False,False,,Lombardia,INDUNO OLONA,Via Ca Zena 5,Via Ca Zena 5 INDUNO OLONA,1,,45.85561661626853,8.843424230178037,"(45.855616616268534, 8.843424230178037)",E,1993-2006,67.56,0.0,249.79,0.0,True,False,False,True,False,False,red,green,False,E,144.47,"B (64,32)",,0.0,27.49,0.0,935.16,0,0,0.0,0,0,0,0,0,0,0,0,0,E,136.61,1.0,Fabbricato - involucro opaco,No,69.6,8.0,136.61,,,,,,,,,,,,,,,,,,,,,,,,,,,,,,,7.0,Cumulativo,No,69.6,8.0,136.61,0.0,,105.43,0.42,95.2,0.02,0.11,Generatore a combustione,,Gas naturale,24.0,,,,0.79,0.0,120.75,,,,,,,0.0,0.0,0.0,Generatore a combustione,Gas naturale,24.0,0.82,0.0,23.72,,,,,,,,,,,,,,,,,,,,,,,,0.0,0,,,0.0,,0.0,0.0,,,,0.0,0.0,0.0,,,,0.0,0.0,0.0,True,True,False,False,True,False,Angelo Littarru,Diploma di geometra,Altro,1.0,3.0,1.0,45.854935,8.844273
31,1514601808519,02/07/2019,True,False,MILANO,,627,275,38,False,False,E.1 (1),False,True,False,1,False,True,False,False,False,False,,Lombardia,MILANO,VIA S. ABBONDIO  2/B,VIA S. ABBONDIO  2/B MILANO,1,,45.42526042579849,9.169977164040835,"(45.42526042579849, 9.169977164040835)",E,2007,67.0,0.0,234.0,0.0,True,False,False,True,False,False,yellow,green,False,C,76.07,"C (68,58)",,0.0,18.26,0.0,0.0,0,0,0.0,0,0,0,0,0,0,3397,0,0,,,,,,,,,,,,,,,3.0,Impianto climatizzazione - inverno,No,1.7,6.0,72.86,,,,,,,,,,,,,,,,,,,,,,,,,0.0,,72.27,0.31,21.16,0.02,0.01,Teleriscaldamento,,Teleriscaldamento,150.0,,,,0.63,0.0,33.79,,,,,,,0.0,0.0,0.0,Teleriscaldamento,Teleriscaldamento,150.0,0.42,0.0,42.28,,,,,,,,,,,,,,,,,,,,,,,,0.0,0,,,0.0,,0.0,0.0,,,,0.0,0.0,0.0,,,,0.0,0.0,0.0,True,True,False,False,True,False,ALESSIO ATTANASIO,Diploma di geometra,Altro,4.0,8.0,4.0,45.4256845,9.1705533
32,1401800005917,30/06/2017,True,False,CHIAVENNA,,21,489,20,False,False,E.1(1),False,True,False,8,False,False,False,False,False,True,Annuncio commerciale,Lombardia,CHIAVENNA,VIA UGO CERLETTI 44,VIA UGO CERLETTI 44 CHIAVENNA,T,,46.31762745786135,9.391194224544678,"(46.31762745786135, 9.391194224544678)",E,1977-1992,76.72,0.0,324.38,0.0,True,False,False,True,False,False,red,green,False,G,375.37,"B (122,56)",,0.0,94.86,0.0,0.0,0,0,0.0,0,0,0,0,0,0,0,0,0,,,,,,,,,2.0,Fabbricato - involucro trasparente,No,10.0,10.0,374.54,,,,,,,,,,,,,,,,,,,,,,,,,,,,,,,0.0,,186.01,0.57,224.44,0.0,0.0,Generatore a combustione,,Olio combustibile,130.0,,,,0.64,0.0,349.96,,,,,,,0.0,0.0,0.0,Generatore a combustione,Olio combustibile,130.0,0.74,0.0,25.41,,,,,,,,,,,,,,,,,,,,,,,,0.0,0,,,0.0,,0.0,0.0,,,,0.0,0.0,0.0,,,,0.0,0.0,0.0,True,True,False,False,True,False,EMANUELE CERLETTI,Laurea magistrale in ingegneria,Ordine degli ingegneri,3.0,7.0,3.0,46.3177072,9.3916706
33,9803600001419,04/07/2019,True,False,MARUDO,,4,495,5,False,False,E.1 (1),False,True,False,5,True,False,False,False,False,False,,Lombardia,MARUDO,via Anna Frank 37,via Anna Frank 37 MARUDO,T-1,,,,,E,2018,97.4,0.0,421.34,0.0,True,False,False,True,False,False,green,green,True,A4,17.02,"A2 (51,51)",,51.85,3.78,849.98,0.0,0,0,0.0,0,0,0,2167,0,0,0,0,2483,,,,,,,,,,,,,,,,,,,,,,,,,,,,,,,,,,,,,,,,,,,,,2008.05,elettricità,256.43,0.61,30.64,0.01,0.04,Pompa di calore,,Energia elettrica,6.0,,,,4.14,28.65,7.4,,,,,,,0.0,0.0,0.0,Pompa di calore,Energia elettrica,6.0,1.72,23.2,9.61,,,,,,,Fotovoltaico,Energia elettrica,3.9,,,,Pompa di calore,Energia elettrica,6.0,,,,,,,,,0.0,0,,,0.0,,0.0,0.0,,,,0.0,0.0,0.0,,,,0.0,0.0,0.0,True,True,False,False,True,False,ROBERTO SCOLARI,Diploma di geometra,Collegio dei geometri,,,,45.2516365,9.3752819
34,1719700005017,26/06/2017,False,True,VESTONE,NOZ,4,1169,2,False,False,E.8,False,True,False,3,False,True,False,False,False,False,,Lombardia,VESTONE,localita` Fornaci snc,localita` Fornaci snc VESTONE,T,,45.70249977576256,10.377882612150293,"(45.702499775762554, 10.377882612150291)",E,1973,82.18,0.0,426.71,0.0,True,False,False,False,True,False,red,yellow,False,G,945.84,"B (235,44)",,39.46,185.2,6899.98,6158.32,0,0,0.0,0,0,0,0,0,0,0,0,0,,,,,,,,,,,,,,,,,,,,,,,,,,,,,,,,,,,,,,,,,,,,,0.0,,354.33,0.83,573.18,0.02,4.27,Impianto simulato in quanto assente,,Gas naturale,,,,,0.73,0.0,782.12,,,,,,,0.0,0.0,0.0,Impianto simulato in quanto assente,Gas naturale,,0.0,0.0,0.0,,,,,,,,,,,,,,,,,,,,,,,,0.0,0,,,1.65,,39.46,163.73,,,,,,,,,,,,,True,True,False,False,True,False,Flavio Franzoni,Diploma di geometra,Collegio dei geometri,6.0,2.0,6.0,45.702048,10.3773284
35,9700700003019,03/07/2019,True,False,BARZIO,BAR,19,2537,703,False,False,E.1 (1),False,True,False,3,False,False,True,False,False,False,,Lombardia,BARZIO,VIA MILANO 45,VIA MILANO 45 BARZIO,,,45.943693653621615,9.464355332442603,"(45.94369365362162, 9.464355332442604)",F,1930-1945,68.52,0.0,278.3,0.0,True,False,False,True,False,False,red,yellow,False,G,490.35,"B (92,42)",,0.0,93.31,0.0,3219.22,0,0,0.0,0,0,0,0,0,0,0,0,0,,,1.0,Fabbricato - involucro opaco,No,20.0,9.0,318.01,,,,,,,,,,,,,,,,,,,,,,,,,,,,,,,,,,,,,0.0,,213.19,0.77,320.21,0.01,0.22,Generatore a combustione,124U413072000603,Gas naturale,24.0,,,,0.69,0.0,464.93,,,,,,,0.0,0.0,0.0,Generatore a combustione,Gas naturale,24.0,0.78,0.0,25.42,,,,,,,,,,,,,,,,,,,,,,,,0.0,0,,,0.0,,0.0,0.0,,,,0.0,0.0,0.0,,,,0.0,0.0,0.0,True,True,False,False,True,False,MICHELA CALIO',Diploma di geometra,,10.0,5.0,10.0,45.94372550000001,9.4642138
36,1817700016519,21/02/2019,True,False,VIGEVANO,,52,4189,7,False,False,E.1 (1),True,False,False,2,False,True,False,False,False,False,,Lombardia,VIGEVANO,via della Gioia 39,via della Gioia 39 VIGEVANO,,,,,,E,1946-1960,90.48,0.0,383.09,0.0,True,False,False,True,False,False,red,red,False,G,447.94,"B (88,53)",,0.0,85.24,0.0,3883.22,0,0,0.0,0,0,0,0,0,0,0,0,0,,,1.0,Fabbricato - involucro opaco,No,2.0,10.0,347.79,,,,,,,,,,,,,,,,,,,,,,,,,,,,,,,,,,,,,0.0,,288.53,0.75,315.48,0.04,0.42,Generatore a combustione,,Gas naturale,24.0,,,,0.74,0.0,426.72,,,,,,,0.0,0.0,0.0,Generatore a combustione,Gas naturale,24.0,0.79,0.0,21.21,,,,,,,,,,,,,,,,,,,,,,,,0.0,0,,,0.0,,0.0,0.0,,,,0.0,0.0,0.0,,,,0.0,0.0,0.0,True,True,False,False,True,False,Marco Bordino,Diploma di geometra,Collegio dei geometri,,,,45.30917780000001,8.8477619
37,1209000007717,27/06/2017,True,False,LONATE POZZOLO,LO,14,10055,0,False,False,E.1(1),False,True,False,1,False,True,False,False,False,False,,Lombardia,LONATE POZZOLO,VIA FIUME 4,VIA FIUME 4 LONATE POZZOLO,T-1,,,,,E,1930-1945,98.06,0.0,473.16,0.0,True,False,False,True,False,False,red,yellow,False,G,420.52,"B (103,05)",,0.0,80.02,0.0,3950.96,0,0,0.0,0,0,0,0,0,0,0,0,0,,,1.0,Fabbricato - involucro opaco,No,10.0,9.0,315.8,,,,,,,,,,,,,,,,,,,,,,,,,,,,,,,,,,,,,0.0,,402.24,0.85,302.83,0.03,0.04,Generatore a combustione,,Gas naturale,28.1,,,,0.76,0.0,400.74,,,,,,,0.0,0.0,0.0,Generatore a combustione,Gas naturale,28.1,0.85,0.0,19.78,,,,,,,,,,,,,,,,,,,,,,,,0.0,0,,,0.0,,0.0,0.0,,,,0.0,0.0,0.0,,,,0.0,0.0,0.0,True,True,False,False,True,False,Nicodemo Carella,Diploma di geometra,Collegio dei geometri,,,,45.5958001,8.7557291
38,1710200019819,03/07/2019,True,False,MANERBA DEL GARDA,,8,5882,4,False,False,E.1 (2),False,True,False,2,False,True,False,False,False,False,,Lombardia,MANERBA DEL GARDA,via Belvedere 50,via Belvedere 50 MANERBA DEL GARDA,T,,45.55818560764189,10.557578846379863,"(45.55818560764189, 10.557578846379862)",E,1977-1992,63.75,0.0,236.74,0.0,True,False,False,True,False,False,red,yellow,False,F,237.78,"B (79,73)",,0.0,45.25,0.0,1452.4,0,0,0.0,0,0,0,0,0,0,0,0,0,,,1.0,Fabbricato - involucro opaco,No,3.0,6.0,96.68,,,,,,,,,,,,,,,,,,,,,,,,,,,,,,,,,,,,,0.0,,185.96,0.79,149.52,0.03,0.08,Impianto simulato in quanto assente,,Gas naturale,,,,,0.73,0.0,204.02,,,,,,,0.0,0.0,0.0,,,,0.57,0.0,33.76,,,,,,,,,,,,,,,,,,,,,,,,0.0,0,,,0.0,,0.0,0.0,,,,,,,,,,,,,True,True,False,False,True,False,SILVIO MAURI,Diploma di geometra,Collegio dei geometri,6.0,2.0,6.0,45.5601365,10.5594353
39,1622100001117,27/06/2017,True,False,UBIALE CLANEZZO,,11,1130,1,False,False,E.1(1),False,True,False,2,False,False,True,False,False,False,,Lombardia,UBIALE CLANEZZO,VIA GRUMELLO 20,VIA GRUMELLO 20 UBIALE CLANEZZO,,,,,,E,Prima del 1930,86.7,0.0,297.99,0.0,True,False,False,True,False,False,red,red,False,G,344.5,"B (47,29)",,0.0,65.55,0.0,2861.74,0,0,0.0,0,0,0,0,0,0,0,0,0,,,1.0,Fabbricato - involucro opaco,Si,7.0,8.0,115.52,,,,,,,,,,,,,,,,,,,,,,,,,,,,,,,,,,,,,0.0,,184.88,0.62,205.53,0.05,0.35,Generatore a combustione,,Gas naturale,33.2,,,,0.64,0.0,321.11,,,,,,,0.0,0.0,0.0,Generatore a combustione,Gas naturale,33.2,0.75,0.0,23.39,,,,,,,,,,,,,,,,,,,,,,,,0.0,0,,,0.0,,0.0,0.0,,,,0.0,0.0,0.0,,,,0.0,0.0,0.0,True,True,False,False,True,False,MARTINA LOCATELLI,Diploma di geometra,Collegio dei geometri,,,,45.7837869,9.6199452
40,10803300146319,05/07/2019,True,False,MONZA,,59,352,9,False,False,E.1 (1),False,True,False,14,True,False,False,False,False,False,,Lombardia,MONZA,Via Mentana 39,Via Mentana 39 MONZA,3,,,,,E,2019,58.51,0.0,232.15,0.0,True,False,False,True,False,False,green,green,True,A3,40.87,"A2 (43,19)",,60.97,9.08,1226.44,0.0,0,0,0.0,0,0,0,209,0,0,0,0,2781,,,,,,,,,,,,,,,,,,,,,,,,,,,,,,,,,,,,,,,,,,,,,0.0,,72.03,0.31,22.52,0.02,0.0,Pompa di calore,,Energia elettrica,58.84,,,,1.4,27.38,16.05,,,,,,,0.0,0.0,0.0,Pompa di calore,Energia elettrica,58.84,0.77,33.6,24.82,,,,,,,Fotovoltaico,Energia elettrica,0.21,,,,Pompa di calore,Energia elettrica,58.84,,,,,,,,,0.0,0,,,0.0,,0.0,0.0,,,,0.0,0.0,0.0,,,,0.0,0.0,0.0,True,True,False,False,True,False,Dario Colombo,Diploma di laurea in architettura,Ordine degli architetti,,,,45.5778204,9.281323
41,1617000010917,27/06/2017,True,False,PONTE SAN PIETRO,LO,2,367,2,False,False,E.1(1),False,True,False,1,False,True,False,False,False,False,,Lombardia,PONTE SAN PIETRO,Via Gerolamo Mapelli 9,Via Gerolamo Mapelli 9 PONTE SAN PIETRO,1,,45.70424800629878,9.5653887858605,"(45.704248006298776, 9.5653887858605)",E,1946-1960,53.0,0.0,191.4,0.0,True,False,False,True,False,False,red,red,False,G,210.58,"B (53,7)",,0.0,40.07,0.0,1069.33,0,0,0.0,0,0,0,0,0,0,0,0,0,,,,,,,,,,,,,,,,,,,,,,,,,,,,,,,,,,,,,,,,,,,,,0.0,,56.74,0.3,145.91,0.04,0.21,Generatore a combustione,,Gas naturale,24.0,,,,0.79,0.0,184.77,,,,,,,0.0,0.0,0.0,Generatore a combustione,Gas naturale,24.0,0.78,0.0,25.81,,,,,,,,,,,,,,,,,,,,,,,,0.0,0,,,0.0,,0.0,0.0,,,,0.0,0.0,0.0,,,,0.0,0.0,0.0,True,True,False,False,True,False,Angela Marchesi,Diploma di geometra,Altro,5.0,1.0,5.0,45.7044012,9.5651915
42,1803300001619,01/07/2019,False,True,CASEI GEROLA,,12,506,0,False,False,E.8,True,False,False,1,False,True,False,False,False,False,,Lombardia,CASEI GEROLA,VIA CAIROLI 2,VIA CAIROLI 2 CASEI GEROLA,,,45.009179454602524,8.93141225782727,"(45.009179454602524, 8.931412257827269)",E,1962,296.0,0.0,1890.0,0.0,True,False,False,False,True,False,red,red,False,G,727.03,"B (166,29)",,33.28,142.74,20961.25,16702.83,0,0,0.0,0,0,0,0,0,0,0,0,0,,,1.0,Fabbricato - involucro opaco,Si,3.0,8.0,369.61,,,,,,,,,,,,,,,,,,,,,,,,,,,,,,,,,,,,,0.0,,958.52,0.51,431.61,0.18,3.26,Impianto simulato in quanto assente,,Gas naturale,,,,,0.73,0.0,588.94,,,,,,,0.0,0.0,0.0,,,,0.0,0.0,0.0,,,,,,,,,,,,,,,,,,,,,,,,0.0,0,,,5.92,,33.28,138.09,,,,,,,,,,,,,True,True,False,False,True,False,DEBORA MIRABELLI,Diploma di geometra,Collegio dei geometri,7.0,6.0,7.0,45.0094363,8.9313938
43,1818200073116,11/10/2016,True,False,VOGHERA,,43,2301,13,False,False,E.1(1),False,True,False,1,False,False,True,False,False,False,,Lombardia,VOGHERA,Via Giovanni Amendola 111,Via Giovanni Amendola 111 VOGHERA,4,,44.998259802269274,9.02539531672534,"(44.998259802269274, 9.02539531672534)",E,1975,83.5,0.0,325.68,0.0,True,False,False,True,False,False,red,red,False,F,163.12,"B (55,47)",,0.0,31.04,0.0,1305.05,0,0,0.0,0,0,0,0,0,0,0,0,0,,,,,,,,,,,,,,,,,,,,,,,,,,,,,,,,,,,,,,,,,,,,,0.0,,156.42,0.48,106.09,0.06,0.2,Generatore a combustione,,Gas naturale,269.3,,,,0.74,0.0,142.73,,,,,,,0.0,0.0,0.0,Generatore a combustione,Gas naturale,269.3,0.84,0.0,20.39,,,,,,,,,,,,,,,,,,,,,,,,0.0,0,,,0.0,,0.0,0.0,,,,,,,,,,,,,True,True,False,False,True,False,Cristiano Torlaschi,Diploma di geometra,Collegio dei geometri,7.0,6.0,7.0,44.998319,9.025434299999999
44,1508500017017,28/06/2017,True,False,CORBETTA,,10,871,7,False,False,E.1(1),False,True,False,1,False,True,False,False,False,False,,Lombardia,CORBETTA,Via Giovanni Pascoli 73,Via Giovanni Pascoli 73 CORBETTA,1,,45.473514527233036,8.935426188866478,"(45.47351452723304, 8.935426188866478)",E,2005,55.55,0.0,195.45,0.0,True,False,False,True,False,False,red,green,False,E,161.76,"B (62,62)",,0.0,30.78,0.3,860.88,0,0,0.0,0,0,0,0,0,0,0,0,0,,,,,,,,,,,,,,,,,,,,,,,,,,,,,,,,,,,,,,,,,,,,,0.0,,135.91,0.7,121.79,0.02,0.0,Generatore a combustione,,Gas naturale,24.0,,,,0.87,0.0,139.62,,,,,,,0.0,0.0,0.0,Generatore a combustione,Gas naturale,24.0,0.86,0.0,22.14,,,,,,,,,,,,,,,,,,,,,,,,0.0,0,,,0.0,,0.0,0.0,,,,0.0,0.0,0.0,,,,0.0,0.0,0.0,True,True,False,False,True,False,Marco Belloni,Diploma di laurea in architettura,Ordine degli architetti,4.0,8.0,4.0,45.4732342,8.9356363
45,1706800007519,03/07/2019,True,False,EDOLO,,55,105,6,False,False,E.1 (2),False,True,False,8,False,True,False,False,False,False,,Lombardia,EDOLO,VIA CANALE 59,VIA CANALE 59 EDOLO,,,46.18040205731677,10.328250500433636,"(46.18040205731677, 10.328250500433638)",F,1961-1976,70.0,0.0,251.0,0.0,True,False,False,True,False,False,red,yellow,False,G,518.6,"B (72,72)",,9.72,99.97,1448.24,3207.65,0,0,0.0,0,0,0,0,0,0,0,0,0,,,,,,,,,2.0,Fabbricato - involucro trasparente,Si,8.0,10.0,515.32,,,,,,,,,,,,,,,,,,,,,,,,,,,,,,,0.0,,321.21,1.28,450.36,0.04,0.04,Generatore a combustione,,Gas naturale,28.0,,,,0.94,0.0,478.26,,,,,,,0.0,0.0,0.0,,,,0.51,9.72,40.34,,,,,,,,,,,,,,,,,,,,,,,,0.0,0,,,0.0,,0.0,0.0,,,,0.0,0.0,0.0,,,,0.0,0.0,0.0,True,True,False,False,True,False,FEDERICO CHIODI,Diploma di geometra,,6.0,7.0,6.0,46.1804341,10.328217
46,10802300039417,29/06/2017,True,False,DESIO,,23,419,6,False,False,E.1(1),False,True,False,33,True,False,False,False,False,False,,Lombardia,DESIO,via Ballerio 6,via Ballerio 6 DESIO,,,,,,E,Dopo il 2006,43.5,43.5,190.65,190.65,True,True,True,True,False,False,yellow,green,False,A2,73.27,"A1 (98,02)",,152.2,13.94,0.0,305.4,0,0,0.0,0,0,0,5246,0,0,0,0,1374,,,,,,,,,,,,,,,,,,,,,,,,,,,,,,,,,,,,,,,,,,,,,-27899.59,,67.37,0.35,22.83,0.02,0.01,Pompa di calore,,Energia elettrica,55.1,Generatore a combustione,Gas naturale,35.0,20.96,0.15,1.09,Pompa di calore,Energia elettrica,53.5,,,,0.0,9.45,0.0,Pompa di calore,Energia elettrica,55.1,0.26,125.08,72.18,,,,,,,Fotovoltaico,Energia elettrica,2.96,,,,Pompa di calore,Energia elettrica,55.1,,,,,,,86.0,,17.52,0,,,0.0,,0.0,0.0,,,,0.0,0.0,0.0,,,,0.0,0.0,0.0,True,True,False,False,True,False,Marco Lebba,Diploma di laurea in architettura,,,,,45.6205799,9.201274
47,1619800022717,01/07/2017,True,False,SERIATE,,4,6418,722,False,False,E.1(1),False,True,False,7,False,True,False,False,False,False,,Lombardia,SERIATE,Via Paderno 31,Via Paderno 31 SERIATE,,,,,,E,2011,61.04,0.0,214.2,0.0,True,False,False,True,False,False,red,red,False,F,198.05,"B (59,24)",,0.69,37.78,89.75,1141.53,0,0,0.0,0,0,0,0,0,0,0,0,0,,,1.0,Fabbricato - involucro opaco,No,5.0,9.0,175.71,,,,,,,,,,,,,,,,,,,,,,,,,,,,,,,,,,,,,0.0,,142.25,0.66,80.54,0.05,0.43,Generatore a combustione,,Gas naturale,24.3,,,,0.46,0.61,175.92,,,,,,,0.0,0.0,0.0,Generatore a combustione,Gas naturale,24.3,0.87,0.08,22.13,,,,,,,,,,,,,,,,,,,,,,,,0.0,0,,,0.0,,0.0,0.0,,,,0.0,0.0,0.0,,,,0.0,0.0,0.0,True,True,False,False,True,False,Marco Ravasio,Diploma di geometra,Collegio dei geometri,,,,45.67990500000001,9.715067
48,1702900169417,18/05/2017,True,False,BRESCIA,,24,6622,4,False,False,E.1(1),False,True,False,2,False,False,False,True,False,False,,Lombardia,BRESCIA,Via Quinta Villaggio Sereno 5,Via Quinta Villaggio Sereno 5 BRESCIA,Piano Terra,,,,,E,1946-1960,87.19,0.0,406.07,0.0,True,False,False,True,False,False,yellow,green,False,D,164.32,"C (118,81)",,8.18,38.83,1516.8,0.0,0,0,0.0,0,0,0,0,0,0,7579,0,0,,,1.0,Fabbricato - involucro opaco,No,10.0,7.0,144.88,,,,,,,,,,,,,,,,,,,,,,,,,,,,,,,,,,,,,0.0,,185.92,0.46,71.53,0.02,0.11,Teleriscaldamento,,Teleriscaldamento,20.0,,,,0.55,0.0,130.39,,,,,,,0.0,0.0,0.0,Teleriscaldamento,Teleriscaldamento,20.0,0.51,8.18,33.92,,,,,,,,,,,,,,,,,,,,,,,,0.0,0,,,0.0,,0.0,0.0,,,,0.0,0.0,0.0,,,,0.0,0.0,0.0,True,True,False,False,True,False,MICHELE GASPARETTO,Diploma di geometra,,,,,45.5156109,10.1937323
49,1622200008516,12/05/2016,True,False,URGNANO,,15,2788,3,False,False,E.1(1),False,True,False,6,False,True,False,False,False,True,Annuncio commerciale,Lombardia,URGNANO,VIA VITTORIO VENETO 45,VIA VITTORIO VENETO 45 URGNANO,1°,,,,,E,1961-1976,86.26,0.0,324.83,0.0,True,False,False,True,False,False,red,yellow,False,G,135.24,"B (37,84)",,0.0,25.73,0.0,1117.69,0,0,0.0,0,0,0,0,0,0,0,0,0,,,,,,,,,,,,,,,3.0,Impianto climatizzazione - inverno,No,7.0,9.0,129.77,,,,,,,,,,,,,,,,,,,,,,,,,0.0,,98.95,0.3,78.5,0.01,0.55,Generatore a combustione,VA1JO23053945003,Gas naturale,24.0,,,,0.7,0.0,112.4,,,,,,,0.0,0.0,0.0,Generatore a combustione,Gas naturale,24.0,0.75,0.0,22.84,,,,,,,,,,,,,,,,,,,,,,,,0.0,0,,,0.0,,0.0,0.0,,,,,,,,,,,,,True,True,False,False,True,False,ALBERTO ROSSI,Diploma di laurea in architettura,Ordine degli architetti,,,,45.5950838,9.6902806
50,1801400002417,28/06/2017,True,False,BEREGUARDO,C,299,6,6,False,False,E.1(1),False,True,False,2,False,False,True,False,False,False,,Lombardia,BEREGUARDO,via cascine Orsine snc,via cascine Orsine snc BEREGUARDO,,,,,,E,1930-1945,98.0,0.0,310.0,0.0,True,False,False,True,False,False,red,yellow,False,G,294.7,"B (77,14)",,0.0,56.08,0.0,2767.17,0,0,0.0,0,0,0,0,0,0,0,0,0,,,,,,,,,,,,,,,,,,,,,,,,,,,,,,,,,,,,,,,,,,,,,0.0,,272.0,0.88,194.82,0.01,1.1,Impianto simulato in quanto assente,,Gas naturale,,,,,0.73,0.0,265.83,,,,,,,0.0,0.0,0.0,Impianto simulato in quanto assente,Gas naturale,,0.57,0.0,28.87,,,,,,,,,,,,,,,,,,,,,,,,0.0,0,,,0.0,,0.0,0.0,,,,,,,,,,,,,True,True,False,False,True,False,Adriano Savio,Diploma di laurea in ingegneria,Ordine degli ingegneri,,,,45.2492023,9.0130766
51,1702900221819,04/07/2019,False,True,BRESCIA,NCT,123,120,2,False,False,E.8,True,False,False,1,False,False,True,False,False,False,,Lombardia,BRESCIA,Via Turati 30,Via Turati 30 BRESCIA,T,,45.539238641398754,10.232158437035784,"(45.53923864139876, 10.232158437035784)",E,1977-1992,37.0,0.0,193.2,0.0,True,False,False,False,True,False,red,red,False,E,375.91,"B (153,21)",,32.48,75.83,2557.16,854.88,0,0,0.0,0,0,0,0,0,0,0,0,0,,,1.0,Fabbricato - involucro opaco,No,5.0,8.0,348.05,,,,,,,,,,,,,,,,,,,,,,,,,,,,,,,,,,,,,0.0,,119.0,0.62,176.72,0.21,0.56,Impianto simulato in quanto assente,,Gas naturale,,,,,0.73,0.0,241.15,,,,,,,0.0,0.0,0.0,,,,0.0,0.0,0.0,,,,,,,,,,,,,,,,,,,,,,,,0.0,0,,,0.74,,32.48,134.77,,,,,,,,,,,,,True,True,False,False,True,False,Sabatino Monti,Diploma di geometra,,6.0,2.0,6.0,45.5392361,10.2317493
52,1304100043317,29/06/2017,True,False,CANTU',B639,16,5949,703,False,False,E.1(1),True,False,False,4,False,False,False,False,False,True,Ape volontario,Lombardia,CANTU`,VIA CORSO UNITA D'ITALIA 23,VIA CORSO UNITA D'ITALIA 23 CANTU`,,,,,,E,Prima del 1930,33.0,0.0,99.0,0.0,True,False,False,True,False,False,red,red,False,G,731.32,"B (60,63)",,0.0,139.16,0.0,2312.31,0,0,0.0,0,0,0,0,0,0,0,0,0,,,1.0,Fabbricato - involucro opaco,No,10.0,10.0,497.6,,,,,,,,,,,,,,,,,,,,,,,,,,,,,,,,,,,,,0.0,,82.2,0.83,512.46,0.19,1.98,Impianto simulato in quanto assente,,Gas naturale,,,,,0.73,0.0,699.26,,,,,,,0.0,0.0,0.0,Impianto simulato in quanto assente,Gas naturale,,0.57,0.0,32.06,,,,,,,,,,,,,,,,,,,,,,,,0.0,0,,,0.0,,0.0,0.0,,,,,,,,,,,,,True,True,False,False,True,False,Daniela Riva,Diploma di geometra,Collegio dei geometri,,,,45.7342627,9.1227346
53,1307400000919,29/06/2019,True,False,COLONNO,,8,468,1,False,False,E.1 (1),False,True,False,1,False,True,False,False,False,False,,Lombardia,COLONNO,Via Ai Monti 16,Via Ai Monti 16 COLONNO,1,,45.9577281344098,9.154375611406033,"(45.9577281344098, 9.154375611406033)",E,1900,106.0,0.0,290.4,0.0,True,False,False,True,False,False,red,yellow,False,G,329.84,"B (55,51)",,0.0,62.76,0.0,3349.95,0,0,0.0,0,0,0,0,0,0,0,0,0,,,1.0,Fabbricato - involucro opaco,No,15.6,10.0,281.85,,,,,,,,,,,,,,,,,,,,,,,,,,,,,,,,,,,,,0.0,,187.79,0.65,220.49,0.01,1.96,Impianto simulato in quanto assente,,Gas naturale,,,,,0.73,0.0,300.86,,,,,,,0.0,0.0,0.0,,,,0.57,0.0,28.98,,,,,,,,,,,,,,,,,,,,,,,,0.0,0,,,0.0,,0.0,0.0,,,,,,,,,,,,,True,True,False,False,True,False,LUCA NESTA,Laurea magistrale in ingegneria,Ordine degli ingegneri,2.0,7.0,2.0,45.9582983,9.1560139
54,10805400016217,30/06/2017,True,False,LENTATE SUL SEVESO,,7,359,68,False,False,E.1(1),False,True,False,1,False,True,False,False,False,False,,Lombardia,LENTATE SUL SEVESO,VIA 5 GIORNATE DI MILANO 10,VIA 5 GIORNATE DI MILANO 10 LENTATE SUL SEVESO,1,,45.686511385418385,9.108871838602276,"(45.68651138541838, 9.108871838602278)",E,1977-1992,96.48,0.0,376.26,0.0,True,False,False,True,False,False,red,yellow,False,E,111.49,"B (45,75)",,0.0,21.21,0.0,1030.59,0,0,0.0,0,0,0,0,0,0,0,0,0,,,,,,,,,2.0,Fabbricato - involucro trasparente,No,5.0,8.0,96.51,,,,,,,,,,,,,,,,,,,,,,,,,,,,,,,0.0,,103.95,0.28,48.51,0.03,0.5,Generatore a combustione,,Gas naturale,24.1,,,,0.65,0.0,74.49,,,,,,,0.0,0.0,0.0,Generatore a combustione,Gas naturale,24.1,0.45,0.0,37.0,,,,,,,,,,,,,,,,,,,,,,,,0.0,0,,,0.0,,0.0,0.0,,,,0.0,0.0,0.0,,,,0.0,0.0,0.0,True,True,False,False,True,False,ANDREA LUCENTE,Diploma di geometra,Collegio dei geometri,12.0,5.0,12.0,45.6864012,9.1083085
55,1523000007619,02/07/2019,True,False,VAPRIO D'ADDA,,4,435,706,False,False,E.1 (1),False,True,False,1,False,True,False,False,False,False,,Lombardia,VAPRIO D`ADDA,Via Giuseppe Mazzini 23,Via Giuseppe Mazzini 23 VAPRIO D`ADDA,1,,,,,E,1961-1976,103.66,0.0,441.65,0.0,True,False,False,True,False,False,red,red,False,F,169.34,"B (55,2)",,0.0,32.22,0.0,1681.89,0,0,0.0,0,0,0,0,0,0,0,0,0,F,147.98,1.0,Fabbricato - involucro opaco,No,15.4,9.0,166.03,2.0,Fabbricato - involucro trasparente,No,0.0,1.0,0.0,,,,,,,,,,,,,,,,,,,,,,,,,7.0,Cumulativo,No,19.1,9.0,147.98,0.0,,138.61,0.31,103.86,0.05,0.36,Impianto simulato in quanto assente,,Gas naturale,,,,,0.73,0.0,141.73,,,,,,,0.0,0.0,0.0,,,,0.57,0.0,27.62,,,,,,,,,,,,,,,,,,,,,,,,0.0,0,,,0.0,,0.0,0.0,,,,,,,,,,,,,True,True,False,False,True,False,Paolo Dario Foresti,Diploma di geometra,Collegio dei geometri,,,,45.5774475,9.530438799999999
56,1807600004719,02/07/2019,True,False,GROPELLO CAIROLI,,18,899,2,False,False,E.1 (1),False,True,False,1,False,True,False,False,False,False,,Lombardia,GROPELLO CAIROLI,Via Europa  11,Via Europa  11 GROPELLO CAIROLI,1,,45.179701772564364,8.996729988931055,"(45.179701772564364, 8.996729988931055)",E,1977-1992,81.12,0.0,317.11,0.0,True,False,False,True,False,False,red,green,False,F,187.7,"B (57,83)",,0.0,35.72,0.0,1458.91,0,0,0.0,0,0,0,0,0,0,0,0,0,C,75.6,1.0,Fabbricato - involucro opaco,No,7.5,7.0,100.05,2.0,Fabbricato - involucro trasparente,No,10.5,9.0,162.53,,,,,,,,,,,,,,,,,,,,,,,,,7.0,Cumulativo,No,8.2,6.0,75.6,0.0,,104.84,0.33,115.3,0.02,0.02,Impianto simulato in quanto assente,,Gas naturale,,,,,0.73,0.0,157.33,,,,,,,0.0,0.0,0.0,,,,0.57,0.0,30.37,,,,,,,,,,,,,,,,,,,,,,,,0.0,0,,,0.0,,0.0,0.0,,,,,,,,,,,,,True,True,False,False,True,False,Carlo Paglietti,Laurea magistrale in ingegneria,Ordine degli ingegneri,7.0,6.0,7.0,45.1796338,8.996609
57,2002700006519,03/07/2019,True,False,GONZAGA,,29,99,0,False,False,E.1 (1),True,False,False,1,False,True,False,False,False,False,,Lombardia,GONZAGA,VIA BONOLDA 18,VIA BONOLDA 18 GONZAGA,,,44.96386761196932,10.887016554973297,"(44.96386761196932, 10.887016554973297)",E,1977-1992,235.12,0.0,957.17,0.0,True,False,False,True,False,False,red,green,False,F,297.37,"B (93,52)",,0.0,56.59,0.0,6699.12,0,0,0.0,0,0,0,0,0,0,0,0,0,,,1.0,Fabbricato - involucro opaco,No,10.0,9.0,297.37,,,,,,,,,,,,,,,,,,,,,,,,,,,,,,,,,,,,,0.0,,700.73,0.73,202.2,0.01,0.03,Impianto simulato in quanto assente,,Gas naturale,,,,,0.73,0.0,275.9,,,,,,,0.0,0.0,0.0,,,,0.57,0.0,21.47,,,,,,,,,,,,,,,,,,,,,,,,0.0,0,,,0.0,,0.0,0.0,,,,,,,,,,,,,True,True,False,False,True,False,GIULIO SPAGNA,Diploma di geometra,Collegio dei geometri,9.0,4.0,9.0,44.96419,10.88671
58,1200100000619,05/07/2019,True,False,AGRA,,4,2838,2,False,False,E.1 (1),False,True,False,2,False,True,False,False,False,False,,Lombardia,AGRA,PIAZZA SAN ROCCO 1,PIAZZA SAN ROCCO 1 AGRA,,,46.035388110372566,8.771518725366642,"(46.03538811037256, 8.771518725366642)",F,Prima del 1930,59.59,0.0,349.93,0.0,True,False,False,True,False,False,red,red,False,G,682.62,"B (103,05)",,0.0,129.89,0.0,3897.44,0,0,0.0,0,0,0,0,0,0,0,0,0,,,,,,,,,2.0,Fabbricato - involucro trasparente,No,10.0,10.0,623.47,,,,,,,,,,,,,,,,,,,,,,,,,,,,,,,0.0,,250.94,0.72,472.62,0.05,0.17,Impianto simulato in quanto assente,,Gas naturale,,,,,0.73,0.0,644.91,,,,,,,0.0,0.0,0.0,,,,0.57,0.0,37.72,,,,,,,,,,,,,,,,,,,,,,,,0.0,0,,,0.0,,0.0,0.0,,,,,,,,,,,,,True,True,False,False,True,False,SUSANNA AGRATI,Diploma di geometra,Collegio dei geometri,1.0,3.0,1.0,46.03469519999999,8.7726892
59,1606900004917,30/06/2017,False,True,CENATE SOTTO,,9,5316,0,False,False,E.8,True,False,False,1,False,False,False,False,False,True,APE da allegare alla pratica di agibilità,Lombardia,CENATE SOTTO,Via Alessandro Volta  snc,Via Alessandro Volta  snc CENATE SOTTO,T,,45.690986034286496,9.819824565546227,"(45.6909860342865, 9.819824565546227)",E,2016,791.03,0.0,6835.19,0.0,True,False,False,False,True,False,yellow,red,False,B,206.57,"B (190,0)",,37.71,44.29,63470.91,3797.73,0,0,0.0,0,0,0,0,0,0,0,0,0,,,,,,,,,,,,,,,,,,,,,,,,,,,,,,,,,,,,,,,,,,,,,0.0,,2615.47,0.38,36.72,0.2,0.2,Impianto simulato in quanto assente,,Gas naturale,,,,,0.73,0.0,50.11,,,,,,,0.0,0.0,0.0,Impianto simulato in quanto assente,Gas naturale,,0.0,0.0,0.0,,,,,,,,,,,,,,,,,,,,,,,,0.0,0,,,15.82,,37.71,156.46,,,,,,,,,,,,,True,True,False,False,True,False,Luisa Tosi,Diploma di geometra,Collegio dei geometri,5.0,1.0,5.0,45.6903529,9.8207025
60,1209200021619,04/07/2019,True,False,LUINO,LU,7,363,517,False,False,E.1 (1),False,True,False,8,False,True,False,False,False,False,,Lombardia,LUINO,Via Pellegrini 3C,Via Pellegrini 3C LUINO,,,,,,E,1961-1976,66.0,0.0,240.0,0.0,True,False,False,True,False,False,red,red,False,G,263.69,"B (68,15)",,0.82,50.28,114.74,1646.02,0,0,0.0,0,0,0,0,0,0,0,0,0,,,,,,,,,,,,,,,3.0,Impianto climatizzazione - inverno,No,7.0,9.0,234.35,,,,,,,,,,,,,,,,,,,,,,,,,0.0,,188.6,0.79,148.97,0.08,0.26,Generatore a combustione,,Gas naturale,115.0,,,,0.64,0.7,233.56,,,,,,,0.0,0.0,0.0,Generatore a combustione,Gas naturale,90.0,0.63,0.11,30.13,,,,,,,,,,,,,,,,,,,,,,,,0.0,0,,,0.0,,0.0,0.0,,,,0.0,0.0,0.0,,,,0.0,0.0,0.0,True,True,False,False,True,False,Sergio Massimiliano Jovane,Diploma di laurea in ingegneria,Ordine degli ingegneri,,,,46.00326099999999,8.745073999999999
61,1717900018617,26/06/2017,True,False,SIRMIONE,NCT,10,153,13,False,False,E.1(1),False,True,False,1,False,True,False,False,False,False,,Lombardia,SIRMIONE,Via G. Garibaldi 34/36,Via G. Garibaldi 34/36 SIRMIONE,,,45.46609715086055,10.610447708134354,"(45.46609715086055, 10.610447708134354)",E,1961-1976,40.8,0.0,157.48,0.0,True,False,False,True,False,False,red,yellow,False,G,377.13,"B (93,13)",,0.0,71.76,0.0,1474.28,0,0,0.0,0,0,0,0,0,0,0,0,0,,,1.0,Fabbricato - involucro opaco,No,3.0,8.0,229.14,,,,,,,,,,,,,,,,,,,,,,,,,,,,,,,,,,,,,0.0,,152.32,0.97,252.34,0.02,0.52,Generatore a combustione,,Gas naturale,26.6,,,,0.71,0.0,354.39,,,,,,,0.0,0.0,0.0,Generatore a combustione,Gas naturale,26.6,0.81,0.0,22.74,,,,,,,,,,,,,,,,,,,,,,,,0.0,0,,,0.0,,0.0,0.0,,,,0.0,0.0,0.0,,,,0.0,0.0,0.0,True,True,False,False,True,False,PIER PAOLO VISIOLI,Laurea magistrale in ingegneria,Ordine degli ingegneri,6.0,2.0,6.0,45.4663093,10.6101207
62,1817700063517,29/06/2017,True,False,VIGEVANO,,50,2668,4,False,False,E.1(1),False,True,False,4,False,True,False,False,False,False,,Lombardia,VIGEVANO,via berceda 67/13,via berceda 67/13 VIGEVANO,1,,,,,E,1977-1992,104.0,0.0,407.81,0.0,True,False,False,True,False,False,red,green,False,E,210.58,"B (84,84)",,0.84,40.18,185.33,2063.74,0,0,0.0,0,0,0,0,0,0,0,0,0,,,,,,,,,,,,,,,,,,,,,,,,,,,,,,,,,,,,,,,,,,,,,0.0,,293.91,0.72,122.33,0.02,0.06,Generatore a combustione,,Gas naturale,25.6,,,,0.64,0.82,189.88,,,,,,,0.0,0.0,0.0,Generatore a combustione,Gas naturale,25.6,0.78,0.01,20.7,,,,,,,,,,,,,,,,,,,,,,,,0.0,0,,,0.0,,0.0,0.0,,,,0.0,0.0,0.0,,,,0.0,0.0,0.0,True,True,False,False,True,False,Alberto De Vizzi,Diploma di laurea in architettura,Ordine degli architetti,,,,45.3218787,8.8466726
63,1716500007019,02/07/2019,True,False,RONCADELLE,,16,7,6,False,False,E.1 (1),False,True,False,2,False,True,False,False,False,False,,Lombardia,RONCADELLE,CASTELLO 86,CASTELLO 86 RONCADELLE,,,45.525695523752745,10.156826231988118,"(45.52569552375275, 10.156826231988115)",E,1946-1960,33.4,0.0,137.6,0.0,True,False,False,True,False,False,red,yellow,False,G,587.34,"B (142,01)",,0.0,111.76,0.0,1879.57,0,0,0.0,0,0,0,0,0,0,0,0,0,,,,,,,,,2.0,Fabbricato - involucro trasparente,No,5.0,9.0,463.88,,,,,,,,,,,,,,,,,,,,,,,,,,,,,,,0.0,,62.36,0.45,407.94,0.1,0.14,Impianto simulato in quanto assente,,Gas naturale,,,,,0.73,0.0,556.64,,,,,,,0.0,0.0,0.0,,,,0.57,0.0,30.7,,,,,,,,,,,,,,,,,,,,,,,,0.0,0,,,0.0,,0.0,0.0,,,,,,,,,,,,,True,True,False,False,True,False,LUIGI BETTONI,Laurea magistrale in architettura,Ordine degli architetti,6.0,2.0,6.0,45.5270162,10.1601758
64,1211800014519,05/07/2019,True,False,SAMARATE,CA,2,484,1,False,False,E.1 (1),False,True,False,3,False,True,False,False,False,False,,Lombardia,SAMARATE,via Indipendenza 37,via Indipendenza 37 SAMARATE,T,,45.637402213039124,8.79200950884749,"(45.63740221303912, 8.79200950884749)",E,Prima del 1930,42.5,0.0,193.3,0.0,True,False,False,True,False,False,red,yellow,False,G,409.45,"B (53,58)",,0.0,77.91,0.0,1667.31,0,0,0.0,0,0,0,0,0,0,0,0,0,G,253.44,1.0,Fabbricato - involucro opaco,No,8.7,10.0,253.44,,,,,,,,,,,,,,,,,,,,,,,,,,,,,,,7.0,Cumulativo,No,8.7,10.0,253.44,0.0,,147.21,0.76,275.21,0.14,0.11,Impianto simulato in quanto assente,,Gas naturale,,,,,0.73,0.0,375.52,,,,,,,0.0,0.0,0.0,,,,0.57,0.0,33.93,,,,,,,,,,,,,,,,,,,,,,,,0.0,0,,,0.0,,0.0,0.0,,,,,,,,,,,,,True,True,False,False,True,False,Mauro Zampollo,Diploma di geometra,Collegio dei geometri,1.0,3.0,1.0,45.63683289999999,8.792759499999999
65,1719800003419,02/07/2019,True,False,VEZZA D'OGLIO,,38,11,5,False,False,E.1 (1),False,True,False,14,False,False,True,False,False,False,,Lombardia,VEZZA D`OGLIO,Via San Sebastiano snc,Via San Sebastiano snc VEZZA D`OGLIO,1,,,,,F,2002,88.26,0.0,293.82,0.0,True,False,False,True,False,False,red,yellow,False,E,219.95,"C (114,67)",,13.27,43.61,2492.46,1394.33,0,0,0.0,0,0,0,0,0,0,0,0,0,,,1.0,Fabbricato - involucro opaco,No,12.9,8.0,198.46,,,,,,,,,,,,,,,,,,,,,,,,,,,,,,,,,,,,,0.0,,202.24,0.69,126.1,0.01,0.27,Generatore a combustione,,Gas naturale,105.0,,,,0.76,0.03,165.01,,,,,,,0.0,0.0,0.0,Scalda-acqua,Energia elettrica,1.5,0.38,13.24,54.94,,,,,,,,,,,,,,,,,,,,,,,,0.0,0,,,0.0,,0.0,0.0,,,,0.0,0.0,0.0,,,,0.0,0.0,0.0,True,True,False,False,True,False,MATTEO EULI,Diploma di geometra,Collegio dei geometri,,,,46.2401312,10.4075549
66,1514601816619,03/07/2019,True,False,MILANO,,231,415,10,False,False,E.1 (1),False,True,False,1,False,True,False,False,False,False,,Lombardia,MILANO,viale MONZA 49,viale MONZA 49 MILANO,,,45.49161583157557,9.218053373787784,"(45.49161583157558, 9.218053373787782)",E,1930-1945,35.0,0.0,136.0,0.0,True,False,False,True,False,False,red,green,False,E,106.47,"B (41,15)",,0.0,20.26,0.0,357.04,0,0,0.0,0,0,0,0,0,0,0,0,0,,,1.0,Fabbricato - involucro opaco,Si,10.0,6.0,121.44,,,,,,,,,,,,,,,,,,,,,,,,,,,,,,,,,,,,,0.0,,32.1,0.24,50.18,0.02,0.11,Generatore a combustione,,Gas naturale,26.0,,,,0.58,0.0,85.85,,,,,,,0.0,0.0,0.0,Generatore a combustione,Gas naturale,26.0,0.76,0.0,20.62,,,,,,,,,,,,,,,,,,,,,,,,0.0,0,,,0.0,,0.0,0.0,,,,0.0,0.0,0.0,,,,0.0,0.0,0.0,True,True,False,False,True,False,fabio marchese,Laurea magistrale in architettura,Ordine degli architetti,4.0,8.0,4.0,45.4915787,9.2181362
67,1818200044619,02/07/2019,True,False,VOGHERA,,60,2809,6,False,False,E.1 (1),False,True,False,1,False,False,False,False,True,False,,Lombardia,VOGHERA,Corso Rosselli 116,Corso Rosselli 116 VOGHERA,T,,,,,E,1960,51.93,0.0,261.75,0.0,True,False,False,True,False,False,red,green,False,F,276.6,"B (106,07)",,0.0,52.63,0.0,1376.24,0,0,0.0,0,0,0,0,0,0,0,0,0,B,118.67,1.0,Fabbricato - involucro opaco,No,6.9,5.0,118.67,,,,,,,,,,,,,,,,,,,,,,,,,,,,,,,7.0,Cumulativo,No,6.9,5.0,118.67,0.0,,202.6,0.77,209.79,0.02,0.11,Generatore a combustione,,Gas naturale,24.1,,,,0.83,0.0,252.33,,,,,,,0.0,0.0,0.0,Generatore a combustione,Gas naturale,24.1,0.83,0.0,24.27,,,,,,,,,,,,,,,,,,,,,,,,0.0,0,,,0.0,,0.0,0.0,,,,0.0,0.0,0.0,,,,0.0,0.0,0.0,True,True,False,False,True,False,Matteo Pisa,Diploma di geometra,Collegio dei geometri,,,,44.9870381,8.9926704
68,1518200055419,02/07/2019,True,False,RHO,,16,266,101,False,False,E.1 (1),False,True,False,1,False,True,False,False,False,False,,Lombardia,RHO,VIA CARLO POERIO  7,VIA CARLO POERIO  7 RHO,T,,45.527096067281455,9.031876575073195,"(45.52709606728145, 9.031876575073197)",E,1962,34.0,0.0,140.1,0.0,True,False,False,True,False,False,red,red,False,G,282.86,"C (71,09)",,11.36,55.33,821.87,767.89,0,0,0.0,0,0,0,0,0,0,0,0,0,,,,,,,,,,,,,,,3.0,Impianto climatizzazione - inverno,No,3.7,10.0,269.73,,,,,,,,,,,,,,,,,,,,,,,,,0.0,,65.11,0.46,167.58,0.03,0.47,Generatore a combustione,,Gas naturale,232.0,,,,0.71,0.0,235.72,,,,,,,0.0,0.0,0.0,Scalda-acqua,Energia elettrica,1.5,0.34,11.36,47.14,,,,,,,,,,,,,,,,,,,,,,,,0.0,0,,,0.0,,0.0,0.0,,,,0.0,0.0,0.0,,,,0.0,0.0,0.0,True,True,False,False,True,False,ALESSIO ATTANASIO,Diploma di geometra,Altro,4.0,8.0,4.0,45.46929249999999,9.2100242
69,1700100001119,05/07/2019,True,False,ACQUAFREDDA,,6,157,8,False,False,E.1 (1),False,True,False,27,False,False,False,False,False,True,Ape volontario,Lombardia,ACQUAFREDDA,VIA GUGLIEMO MARCONI SNC,VIA GUGLIEMO MARCONI SNC ACQUAFREDDA,,,45.308088267207225,10.41038924174205,"(45.30808826720723, 10.41038924174205)",E,1961-1976,65.89,0.0,234.75,0.0,True,False,False,True,False,False,red,yellow,False,E,110.33,"B (51,55)",,0.0,20.99,0.0,696.51,0,0,0.0,0,0,0,0,0,0,0,0,0,,,1.0,Fabbricato - involucro opaco,No,5.0,5.0,55.01,,,,,,,,,,,,,,,,,,,,,,,,,,,,,,,,,,,,,0.0,,103.15,0.44,56.32,0.01,0.29,Generatore a combustione,,Gas naturale,21.8,,,,0.65,0.0,86.59,,,,,,,0.0,0.0,0.0,Generatore a combustione,Gas naturale,21.8,0.78,0.0,23.74,,,,,,,,,,,,,,,,,,,,,,,,0.0,0,,,0.0,,0.0,0.0,,,,0.0,0.0,0.0,,,,0.0,0.0,0.0,True,True,False,False,True,False,ALBERTO FORMENTINI,Diploma di geometra,Collegio dei geometri,6.0,2.0,6.0,45.4700299,10.2385603
70,1615300009919,01/07/2019,True,False,OSIO SOTTO,,3,1822,7,False,False,E.1 (1),False,True,False,1,False,False,True,False,False,False,,Lombardia,OSIO SOTTO,Via Torquato Tasso  1,Via Torquato Tasso  1 OSIO SOTTO,T,,45.61900453001078,9.590895797597867,"(45.61900453001078, 9.590895797597868)",E,1946-1960,57.5,0.0,215.8,0.0,True,False,False,True,False,False,red,yellow,False,F,204.72,"B (63,14)",,0.0,38.96,0.0,1127.86,0,0,0.0,0,0,0,0,0,0,0,0,0,D,113.98,1.0,Fabbricato - involucro opaco,No,6.6,8.0,136.05,2.0,Fabbricato - involucro trasparente,No,38.0,9.0,176.26,,,,,,,,,,,,,,,,,,,,,,,,,7.0,Cumulativo,No,14.2,7.0,113.98,0.0,,130.91,0.61,127.42,0.02,0.23,Generatore a combustione,,Gas naturale,24.0,,,,0.71,0.0,179.93,,,,,,,0.0,0.0,0.0,Generatore a combustione,Gas naturale,24.0,0.78,0.0,24.79,,,,,,,,,,,,,,,,,,,,,,,,0.0,0,,,0.0,,0.0,0.0,,,,0.0,0.0,0.0,,,,0.0,0.0,0.0,True,True,False,False,True,False,Maicol Alborghetti,Diploma di geometra,Collegio dei geometri,5.0,1.0,5.0,45.6189702,9.5909908
71,1516600036819,05/07/2019,True,False,PADERNO DUGNANO,,26,281,2,False,False,E.1 (1),False,True,False,1,False,True,False,False,False,False,,Lombardia,PADERNO DUGNANO,Via Anzio 33,Via Anzio 33 PADERNO DUGNANO,2,,45.57634758198421,9.16714111087612,"(45.5763475819842, 9.16714111087612)",E,Dopo il 2006,154.0,154.0,841.5,841.5,True,True,False,True,False,False,green,yellow,True,A2,54.12,"A1 (83,79)",,22.29,12.02,4273.89,0.0,0,0,0.0,0,0,0,0,0,0,0,0,1424,A2,54.03,1.0,Fabbricato - involucro opaco,No,1578.7,3.0,54.07,2.0,Fabbricato - involucro trasparente,No,2272.7,3.0,54.08,,,,,,,,,,,,,,,,,,,,,,,,,7.0,Cumulativo,No,1907.8,3.0,54.03,0.0,,461.64,0.55,12.36,0.06,0.0,Pompa di calore,,Energia elettrica,14.82,,,,1.5,11.24,8.25,Pompa di calore,Energia elettrica,5.0,,,,1.89,4.07,16.9,Generatore ad effetto joule,Energia elettrica,0.5,0.5,6.98,28.97,,,,,,,Pompa di calore,Energia elettrica,14.82,,,,,,,,,,,,,,,0.0,0,,,0.0,,0.0,0.0,,,,0.0,0.0,0.0,,,,0.0,0.0,0.0,True,True,False,False,True,False,ALESSANDRO RINCO,Diploma di geometra,Collegio dei geometri,4.0,8.0,4.0,45.57575019999999,9.1673516
72,1506100001219,02/07/2019,True,False,CASSINETTA DI LUGAGNANO,,6,493,5,False,False,E.1 (1),False,True,False,9,False,True,False,False,False,False,,Lombardia,CASSINETTA DI LUGAGNANO,Via Don Ravazzi 3/F,Via Don Ravazzi 3/F CASSINETTA DI LUGAGNANO,T,,45.42283486500291,8.90976647231382,"(45.42283486500291, 8.90976647231382)",E,1997,54.03,0.0,203.22,0.0,True,False,False,True,False,False,red,yellow,False,C,96.85,"B (66,63)",,0.0,18.43,0.0,501.39,0,0,0.0,0,0,0,0,0,0,0,0,0,C,88.37,1.0,Fabbricato - involucro opaco,No,22.8,6.0,88.37,,,,,,,,,,,,,,,,,,,,,,,,,,,,,,,7.0,Cumulativo,No,22.8,6.0,88.37,0.0,,146.85,0.72,52.64,0.05,0.07,Generatore a combustione,,Gas naturale,20.0,,,,0.74,0.0,71.36,,,,,,,0.0,0.0,0.0,Generatore a combustione,Gas naturale,20.0,0.75,0.0,25.49,,,,,,,,,,,,,,,,,,,,,,,,0.0,0,,,0.0,,0.0,0.0,,,,0.0,0.0,0.0,,,,0.0,0.0,0.0,True,True,False,False,True,False,Davide Riva,Diploma di geometra,Collegio dei geometri,4.0,8.0,4.0,45.4220519,8.9098203
73,1406100020619,05/07/2019,True,False,SONDRIO,,32,158,13,False,False,E.1 (1),False,True,False,1,False,True,False,False,False,False,,Lombardia,SONDRIO,Via Antonio Longoni 21,Via Antonio Longoni 21 SONDRIO,1,,46.17305753451623,9.871740487835453,"(46.173057534516225, 9.871740487835451)",E,1930-1945,53.38,0.0,221.43,0.0,True,False,False,True,False,False,red,red,False,G,655.31,"B (118,79)",,0.0,124.7,0.0,3351.58,0,0,0.0,0,0,0,0,0,0,0,0,0,G,418.68,1.0,Fabbricato - involucro opaco,No,4.5,10.0,454.9,2.0,Fabbricato - involucro trasparente,No,8.6,10.0,619.08,,,,,,,,,,,,,,,,,,,,,,,,,7.0,Cumulativo,No,5.1,10.0,418.68,0.0,,258.86,1.17,452.65,0.04,0.24,Impianto simulato in quanto assente,,Gas naturale,,,,,0.73,0.0,617.64,,,,,,,0.0,0.0,0.0,,,,0.57,0.0,37.67,,,,,,,,,,,,,,,,,,,,,,,,0.0,0,,,0.0,,0.0,0.0,,,,,,,,,,,,,True,True,False,False,True,False,MICHELE GIUGNI,Laurea magistrale in ingegneria,Ordine degli ingegneri,3.0,7.0,3.0,46.172813,9.8708194
74,1704100004519,30/06/2019,True,False,CASTELCOVATI,NCT,8,455,5,False,False,E.1 (1),False,True,False,15,False,True,False,False,False,False,,Lombardia,CASTELCOVATI,via Toninelli 13,via Toninelli 13 CASTELCOVATI,1,,45.496279729638935,9.942748729534316,"(45.496279729638935, 9.942748729534317)",E,2006,62.13,62.13,251.09,251.09,True,True,False,True,False,False,red,green,False,D,174.96,"B (97,84)",,0.59,33.37,78.6,1026.8,0,0,0.0,0,0,0,0,0,0,0,0,0,,,1.0,Fabbricato - involucro opaco,No,17.8,6.0,136.67,,,,,,,,,,,,,,,,,,,,,,,,,,,,,,,,,,,,,0.0,,161.77,0.64,128.72,0.01,0.01,Generatore a combustione,R00WB10054706803,Gas naturale,80.0,,,,0.88,0.0,146.48,Pompa di calore,Energia elettrica,2.0,,,,0.43,0.59,2.47,Generatore a combustione,Gas naturale,80.0,0.74,0.0,26.0,,,,,,,,,,,,,,,,,,,,,,,,0.0,0,,,0.0,,0.0,0.0,,,,0.0,0.0,0.0,,,,0.0,0.0,0.0,True,True,False,False,True,False,Gianluca Maifredi,Laurea magistrale in ingegneria,Ordine degli ingegneri,6.0,2.0,6.0,45.4962982,9.9424932
75,2007100015519,29/06/2019,True,False,BORGO VIRGILIO,,7,773,1,False,False,E.1 (1),False,True,False,2,False,False,False,False,True,False,,Lombardia,BORGO VIRGILIO,Via Cristoforo Colombo 25,Via Cristoforo Colombo 25 BORGO VIRGILIO,T-1,,,,,E,1990,112.16,68.42,582.79,396.33,True,True,False,True,False,False,red,yellow,False,E,199.42,"B (87,93)",,3.71,38.44,885.68,1977.61,0,0,0.0,0,0,0,0,0,0,0,0,0,C,113.68,1.0,Fabbricato - involucro opaco,No,12.8,6.0,124.64,2.0,Fabbricato - involucro trasparente,No,25.9,8.0,187.06,,,,,,,,,,,,,,,,,,,,,,,,,7.0,Cumulativo,No,14.9,6.0,113.68,0.0,,337.45,0.58,115.78,0.02,0.21,Generatore a combustione,,Gas naturale,23.9,,,,0.7,0.27,165.46,Pompa di calore,Energia elettrica,3.5,,,,0.28,3.45,14.3,Generatore a combustione,Gas naturale,23.9,0.81,0.0,19.66,,,,,,,,,,,,,,,,,,,,,,,,0.0,0,,,0.0,,0.0,0.0,,,,0.0,0.0,0.0,,,,0.0,0.0,0.0,True,True,False,False,True,False,Roberto Rei,Laurea magistrale in architettura,Ordine degli architetti,,,,45.1193434,10.7939682
76,1211900037319,02/07/2019,True,False,SARONNO,SA,19,42,501,False,False,E.1 (1),False,True,False,6,False,True,False,False,False,False,,Lombardia,SARONNO,VIA SAMPIETRO 69,VIA SAMPIETRO 69 SARONNO,,,45.615396895685635,9.02202853723018,"(45.61539689568563, 9.022028537230181)",E,1946-1960,59.49,0.0,218.13,0.0,True,False,False,True,False,False,red,red,False,G,271.38,"B (54,65)",,0.0,51.64,0.0,1546.83,0,0,0.0,0,0,0,0,0,0,0,0,0,,,1.0,Fabbricato - involucro opaco,No,10.0,9.0,159.47,,,,,,,,,,,,,,,,,,,,,,,,,,,,,,,,,,,,,0.0,,149.03,0.68,173.52,0.05,0.6,Impianto simulato in quanto assente,,Gas naturale,,,,,0.73,0.0,236.77,,,,,,,0.0,0.0,0.0,,,,0.57,0.0,34.61,,,,,,,,,,,,,,,,,,,,,,,,0.0,0,,,0.0,,0.0,0.0,,,,,,,,,,,,,True,True,False,False,True,False,LUCA LABITA,Laurea magistrale in architettura,,1.0,3.0,1.0,45.61573,9.021058
77,10800700010519,01/07/2019,True,False,BERNAREGGIO,,101,20,1,False,False,E.1 (1),True,False,False,1,False,True,False,False,False,False,,Lombardia,BERNAREGGIO,Via Risorgimento 37,Via Risorgimento 37 BERNAREGGIO,,,,,,E,1977-1992,41.81,0.0,182.09,0.0,True,False,False,True,False,False,red,yellow,False,G,569.4,"B (104,02)",,0.0,108.35,0.0,2280.98,0,0,0.0,0,0,0,0,0,0,0,0,0,C,127.03,1.0,Fabbricato - involucro opaco,Si,8.0,7.0,156.89,2.0,Fabbricato - involucro trasparente,No,60.0,10.0,543.49,,,,,,,,,,,,,,,,,,,,,,,,,7.0,Cumulativo,Si,9.0,6.0,127.03,0.0,,201.35,1.11,379.65,0.02,0.8,Generatore a combustione,MZ4YF85219968603,Gas naturale,24.0,,,,0.69,0.0,546.72,,,,,,,0.0,0.0,0.0,Generatore a combustione,Gas naturale,24.0,0.82,0.0,22.68,,,,,,,,,,,,,,,,,,,,,,,,0.0,0,,,0.0,,0.0,0.0,,,,0.0,0.0,0.0,,,,0.0,0.0,0.0,True,True,False,False,True,False,Samuele Brandani,Laurea magistrale in architettura,,,,,45.6481935,9.3892864
78,1604400003919,03/07/2019,True,False,CALCIO,,9,387,704,False,False,E.1 (1),False,True,False,2,False,False,True,False,False,False,,Lombardia,CALCIO,VIA DON ULTIMO MANGORA 2/A,VIA DON ULTIMO MANGORA 2/A CALCIO,,,45.50623322000629,9.853405827995584,"(45.50623322000629, 9.853405827995584)",E,1993-2006,52.0,0.0,217.0,0.0,True,False,False,True,False,False,red,red,False,G,167.84,"B (44,54)",,0.82,32.05,91.15,819.19,0,0,0.0,0,0,0,0,0,0,0,0,0,,,1.0,Fabbricato - involucro opaco,No,10.0,9.0,147.99,,,,,,,,,,,,,,,,,,,,,,,,,,,,,,,,,,,,,0.0,,111.08,0.51,62.8,0.08,0.81,Generatore a combustione,,Gas naturale,25.8,,,,0.44,0.81,142.83,,,,,,,0.0,0.0,0.0,Generatore a combustione,Gas naturale,25.0,0.8,0.02,25.0,,,,,,,,,,,,,,,,,,,,,,,,0.0,0,,,0.0,,0.0,0.0,,,,0.0,0.0,0.0,,,,0.0,0.0,0.0,True,True,False,False,True,False,STEFANO LAZZARINI,Diploma di laurea in architettura,,5.0,1.0,5.0,45.50575449999999,9.8529149
79,1514601847919,05/07/2019,True,False,MILANO,,131,659,745,False,False,E.1 (1),False,True,False,19,False,False,False,False,False,True,Recupero sottotetto,Lombardia,MILANO,Giuseppe Candiani 101,Giuseppe Candiani 101 MILANO,,,45.503568602562616,9.165404657129724,"(45.503568602562616, 9.165404657129725)",E,2012,74.45,0.0,307.36,0.0,True,False,False,True,False,False,yellow,green,False,B,67.26,"B (66,23)",,0.25,12.83,39.69,472.37,0,0,0.0,0,0,0,0,0,0,0,0,0,,,1.0,Fabbricato - involucro opaco,Si,5.0,3.0,41.91,,,,,,,,,,,,,,,,,,,,,,,,,,,,,,,,,,,,,0.0,,192.69,0.63,37.68,0.02,0.01,Generatore a combustione,,Gas naturale,114.0,,,,0.88,0.21,42.63,,,,,,,0.0,0.0,0.0,Generatore a combustione,Gas naturale,114.0,0.69,0.04,24.63,,,,,,,,,,,,,,,,,,,,,,,,0.0,0,,,0.0,,0.0,0.0,,,,0.0,0.0,0.0,,,,0.0,0.0,0.0,True,True,False,False,True,False,Giuseppe Rocco Giovanni Porretti,Diploma di laurea in architettura,Ordine degli architetti,4.0,8.0,4.0,45.5037115,9.1652469
80,1500200030819,01/07/2019,False,True,ABBIATEGRASSO,,19,695,0,False,False,E.8,True,False,False,1,False,True,False,False,False,False,,Lombardia,ABBIATEGRASSO,Via Cassolnovo 9,Via Cassolnovo 9 ABBIATEGRASSO,T,,,,,E,1993-2006,918.4,0.0,6714.0,0.0,True,False,False,False,True,False,red,red,False,G,378.87,"B (49,8)",,2.82,72.47,5510.58,32308.71,0,0,0.0,0,0,0,0,0,0,0,0,0,G,278.96,1.0,Fabbricato - involucro opaco,No,7.7,10.0,312.6,2.0,Fabbricato - involucro trasparente,No,12.2,10.0,345.2,,,,,,,,,,,,,,,,,,,,,,,,,7.0,Cumulativo,No,9.2,10.0,278.96,0.0,,2946.37,0.44,269.08,0.04,0.67,Impianto simulato in quanto assente,,Gas naturale,,,,,0.73,0.0,367.17,,,,,,,0.0,0.0,0.0,,,,0.0,0.0,0.0,,,,,,,,,,,,,,,,,,,,,,,,0.0,0,,,0.0,,2.82,11.7,,,,,,,,,,,,,True,True,False,False,True,False,Antonio Martegani,Diploma di geometra,Collegio dei geometri,,,,45.39906999999999,8.911168000000002
81,1709600014519,03/07/2019,False,True,LUMEZZANE,LSA,27,5765,7,False,False,E.8,False,True,False,10,False,False,True,False,False,False,,Lombardia,LUMEZZANE,Via Massimo d'Azeglio 122,Via Massimo d'Azeglio 122 LUMEZZANE,Seminterrato,,,,,E,1977-1992,130.69,0.0,607.42,0.0,True,False,False,False,True,False,red,red,False,F,508.5,"B (181,32)",,37.91,101.77,10540.59,4397.96,0,0,0.0,0,0,0,0,0,0,0,0,0,,,,,,,,,2.0,Fabbricato - involucro trasparente,No,10.0,8.0,454.32,,,,,,,,,,,,,,,,,,,,,,,,,,,,,,,0.0,,389.23,0.64,257.4,0.07,0.61,Impianto simulato in quanto assente,,Gas naturale,,,,,0.73,0.0,351.22,,,,,,,0.0,0.0,0.0,,,,0.0,0.0,0.0,,,,,,,,,,,,,,,,,,,,,,,,0.0,0,,,2.61,,37.91,157.27,,,,,,,,,,,,,True,True,False,False,True,False,Mauro Sigurtà,Diploma di geometra,Collegio dei geometri,,,,45.64879,10.27744
82,1514601840619,05/07/2019,True,False,MILANO,,199,462,724,False,False,E.1 (1),True,False,False,55,False,True,False,False,False,False,,Lombardia,MILANO,VIA ADELAIDE BONO CAIROLI 28,VIA ADELAIDE BONO CAIROLI 28 MILANO,,,45.5005226568989,9.226329303385187,"(45.5005226568989, 9.226329303385189)",E,Dopo il 2006,94.0,0.0,312.0,0.0,True,False,False,True,False,False,red,red,False,G,170.26,"B (47,37)",,0.0,32.4,0.0,1533.41,0,0,0.0,0,0,0,0,0,0,0,0,0,,,,,,,,,2.0,Fabbricato - involucro trasparente,No,5.0,8.0,107.33,,,,,,,,,,,,,,,,,,,,,,,,,,,,,,,0.0,,109.99,0.35,83.8,0.1,1.5,Generatore a combustione,,Gas naturale,621.3,,,,0.65,0.0,128.67,,,,,,,0.0,0.0,0.0,Scalda-acqua,Gas naturale,21.0,0.38,0.0,41.59,,,,,,,,,,,,,,,,,,,,,,,,0.0,0,,,0.0,,0.0,0.0,,,,0.0,0.0,0.0,,,,0.0,0.0,0.0,True,True,False,False,True,False,FABIOLA SALICETTI,Laurea magistrale in architettura,Ordine degli architetti,4.0,8.0,4.0,45.5003462,9.2259206
83,1514601850319,05/07/2019,False,True,MILANO,,228,169,701,False,False,E.8,False,True,False,82,False,True,False,False,False,False,,Lombardia,MILANO,Via Giovanni Battista Sammartini 21,Via Giovanni Battista Sammartini 21 MILANO,T,,45.488739883595215,9.20477060240201,"(45.488739883595215, 9.20477060240201)",E,1946-1960,102.04,0.0,544.74,0.0,True,False,False,True,True,False,red,yellow,False,D,354.45,"B (189,22)",,40.21,72.76,8729.11,1834.45,0,0,0.0,0,0,0,0,0,0,0,0,0,,,,,,,,,2.0,Fabbricato - involucro trasparente,No,10.0,7.0,325.09,,,,,,,,,,,,,,,,,,,,,,,,,,,,,,,0.0,,236.89,0.43,139.51,0.02,0.27,Generatore a combustione,OP5Q439062522603,Gas naturale,28.0,,,,0.74,0.0,187.63,,,,,,,0.0,0.0,0.0,Scalda-acqua,Energia elettrica,1.2,0.0,0.0,0.0,,,,,,,,,,,,,,,,,,,,,,,,0.0,0,,,2.04,,40.21,166.81,,,,0.0,0.0,0.0,,,,0.0,0.0,0.0,True,True,False,False,True,False,Fulvio GILIOLI,Diploma di laurea in architettura,Ordine degli architetti,4.0,8.0,4.0,45.4885442,9.2050749
84,1514601844019,05/07/2019,True,False,MILANO,,480,57,16,False,False,E.1 (1),False,True,False,1,False,True,False,False,False,False,,Lombardia,MILANO,Via Cadore 36,Via Cadore 36 MILANO,3,,45.457169381129205,9.211702961384347,"(45.457169381129205, 9.211702961384349)",E,1920,25.4,25.4,94.5,94.5,True,True,False,True,False,False,red,yellow,False,D,135.13,"C (98,01)",,67.17,30.02,1760.11,0.0,0,0,0.0,0,0,0,0,0,0,0,0,878,C,117.39,1.0,Fabbricato - involucro opaco,Si,11.0,6.0,117.39,,,,,,,,,,,,,,,,,,,,,,,,,,,,,,,7.0,Cumulativo,No,11.0,6.0,117.39,0.0,,23.11,0.24,53.49,0.01,0.44,Pompa di calore,,Energia elettrica,2.5,,,,1.31,44.48,40.95,Pompa di calore,Energia elettrica,2.5,,,,0.66,7.61,31.57,Scalda-acqua,Energia elettrica,1.2,0.34,15.09,62.6,,,,,,,Pompa di calore,Energia elettrica,2.5,,,,,,,,,,,,,,,0.0,0,,,0.0,,0.0,0.0,,,,0.0,0.0,0.0,,,,0.0,0.0,0.0,True,True,False,False,True,False,Alessio Attanasio,Diploma di geometra,Altro,4.0,8.0,4.0,45.4569864,9.212076
85,1309500015119,30/06/2019,True,False,ERBA,ERB,9,2672,10,False,False,E.1 (1),False,True,False,1,False,True,False,False,False,False,,Lombardia,ERBA,VIA SAN CASSIANO 10,VIA SAN CASSIANO 10 ERBA,4,,45.80624194035059,9.215416328376376,"(45.80624194035059, 9.215416328376376)",E,2008,179.8,0.0,523.7,0.0,True,False,False,True,False,False,red,red,False,E,166.42,"B (66,91)",,0.0,31.67,0.0,2866.97,0,0,0.0,0,0,0,0,0,0,0,0,0,,,,,,,,,2.0,Fabbricato - involucro trasparente,Si,80.8,8.0,151.55,,,,,,,,,,,,,,,,,,,,,,,,,,,,,,,0.0,,360.03,0.69,113.85,0.05,0.24,Generatore a combustione,XC1B925197790103,Gas naturale,34.8,,,,0.77,0.0,147.13,,,,,,,0.0,0.0,0.0,Generatore a combustione,Gas naturale,34.8,0.78,0.0,19.29,,,,,,,,,,,,,,,,,,,,,,,,0.0,0,,,0.0,,0.0,0.0,,,,0.0,0.0,0.0,,,,0.0,0.0,0.0,True,True,False,False,True,False,GIUSEPPE GIAU,Diploma di geometra,Collegio dei geometri,2.0,3.0,2.0,45.806385,9.215273
86,1406000004019,05/07/2019,True,False,SONDALO,,56,76,4,False,False,E.1 (1),False,True,False,1,False,False,False,False,True,False,,Lombardia,SONDALO,Via Bolladore 66,Via Bolladore 66 SONDALO,2,,46.32572915102554,10.327366167380562,"(46.325729151025534, 10.327366167380562)",F,1993,102.9,0.0,411.01,0.0,True,False,False,True,False,False,yellow,green,False,E,178.22,"B (85,63)",,0.7,43.93,153.92,0.0,0,0,1420.31,0,0,0,0,0,0,0,0,0,A4,18.01,,,,,,,,,,,,,3.0,Impianto climatizzazione - inverno,No,6.4,1.0,23.02,,,,,,,,,,,,,6.0,Fonti rinnovabili,No,5.7,7.0,128.03,7.0,Cumulativo,No,7.9,1.0,18.01,0.0,,144.51,0.35,33.23,0.02,0.03,Generatore a combustione,CU97I10159095203,Gasolio e olio combustibile,80.2,,,,0.37,0.34,90.93,,,,,,,0.0,0.0,0.0,Generatore a combustione,Gasolio e olio combustibile,80.2,0.22,0.37,87.29,,,,,,,,,,,,,,,,,,,,,,,,0.0,0,,,0.0,,0.0,0.0,,,,0.0,0.0,0.0,,,,0.0,0.0,0.0,True,True,False,False,True,False,Dario Da Prada,Laurea magistrale in ingegneria,Ordine degli ingegneri,3.0,7.0,3.0,46.325892,10.3273264
87,1211900039619,06/07/2019,False,True,SARONNO,sa,12,822,30,False,False,E.5,False,True,False,1,False,True,False,False,False,False,,Lombardia,SARONNO,Via Roma 85,Via Roma 85 SARONNO,T,,45.624570665588216,9.043386298819447,"(45.62457066558822, 9.043386298819449)",E,1960,141.65,0.0,438.16,0.0,True,False,False,True,True,False,yellow,yellow,False,C,90.4,"B (67,98)",,2.82,17.57,849.9,1068.04,0,0,0.0,0,0,0,0,0,0,0,0,0,B,79.18,1.0,Fabbricato - involucro opaco,Si,50.1,5.0,79.18,,,,,,,,,,,,,,,,,,,,,,,,,,,,,,,7.0,Cumulativo,No,50.1,5.0,79.18,0.0,,229.15,0.52,62.32,0.04,0.13,Generatore a combustione,,Gas naturale,28.0,,,,0.79,0.0,78.7,,,,,,,0.0,0.0,0.0,Generatore a combustione,Gas naturale,28.0,0.0,0.0,0.0,,,,,,,,,,,,,,,,,,,,,,,,0.0,0,,,0.0,,2.82,11.7,,,,0.0,0.0,0.0,,,,0.0,0.0,0.0,True,True,False,False,True,False,Carlo Rosio,Diploma di geometra,Collegio dei geometri,1.0,3.0,1.0,45.6246115,9.0433296
88,1514601837419,04/07/2019,True,False,MILANO,,357,563,28,False,False,E.1 (1),False,True,False,21,False,False,True,False,False,True,Ripartizione spese riscaldamento,Lombardia,MILANO,viale Campania 47,viale Campania 47 MILANO,1,,45.46695864220595,9.22341826494606,"(45.46695864220595, 9.223418264946059)",E,1930-1945,108.16,108.16,474.83,474.83,True,True,False,True,False,False,red,green,False,D,139.99,"B (87,59)",,2.24,27.99,515.18,233.93,0,0,0.0,0,0,0,0,0,0,7797,0,0,C,107.89,1.0,Fabbricato - involucro opaco,No,10.7,6.0,107.89,,,,,,,,,,,,,,,,,,,,,,,,,,,,,,,7.0,Cumulativo,No,10.7,6.0,107.89,0.0,,129.17,0.27,64.08,0.02,0.1,Teleriscaldamento,,Teleriscaldamento,100.0,,,,0.59,0.02,108.2,Pompa di calore,Energia elettrica,4.2,Pompa di calore,Energia elettrica,2.5,1.4,2.22,9.22,Scalda-acqua,Gas naturale,22.5,0.68,0.0,22.57,,,,,,,,,,,,,,,,,,,,,,,,0.0,0,,,0.0,,0.0,0.0,,,,0.0,0.0,0.0,,,,0.0,0.0,0.0,True,True,False,False,True,False,Julio Antonio Calzoni,Laurea magistrale in scienze e tecnologie agrarie,Ordine degli agronomi,4.0,8.0,4.0,45.4670549,9.223564999999999
89,1514601827219,03/07/2019,True,False,MILANO,,293,425,16,False,False,E.1 (1),False,True,False,51,False,True,False,False,False,False,,Lombardia,MILANO,VIA SAN GIUSTO 52,VIA SAN GIUSTO 52 MILANO,2,,45.47268099952885,9.118162610749954,"(45.47268099952884, 9.118162610749952)",E,1993-2006,74.13,0.0,270.6,0.0,True,False,False,True,False,False,red,yellow,False,E,123.23,"B (47,77)",,0.0,23.45,0.0,875.22,0,0,0.0,0,0,0,0,0,0,0,0,0,,,,,,,,,2.0,Fabbricato - involucro trasparente,Si,5.0,8.0,105.64,,,,,,,,,,,,,,,,,,,,,,,,,,,,,,,0.0,,65.12,0.24,45.86,0.02,0.6,Generatore a combustione,,Gas naturale,24.0,,,,0.47,0.0,97.92,,,,,,,0.0,0.0,0.0,Generatore a combustione,Gas naturale,24.0,0.67,0.0,25.31,,,,,,,,,,,,,,,,,,,,,,,,0.0,0,,,0.0,,0.0,0.0,,,,0.0,0.0,0.0,,,,0.0,0.0,0.0,True,True,False,False,True,False,Daniela Lonza,Diploma di laurea in architettura,Ordine degli architetti,4.0,8.0,4.0,45.4726223,9.118148699999999
90,1500200031819,04/07/2019,True,False,ABBIATEGRASSO,,9,572,2,False,False,E.1 (1),False,True,False,1,False,False,False,False,True,False,,Lombardia,ABBIATEGRASSO,Via Turati 9,Via Turati 9 ABBIATEGRASSO,1,,45.40397588628922,8.915099882165304,"(45.40397588628922, 8.915099882165302)",E,1980,142.64,142.64,587.83,587.83,True,True,False,True,False,False,red,green,False,C,134.36,"B (109,11)",,11.52,27.09,3494.9,1183.35,0,0,0.0,0,0,0,0,0,0,0,0,0,C,126.39,1.0,Fabbricato - involucro opaco,No,0.0,1.0,0.0,2.0,Fabbricato - involucro trasparente,No,0.0,1.0,0.0,,,,,,,,,,,,,,,,,,,,,,,,,7.0,Cumulativo,No,153.2,6.0,126.39,0.0,,375.46,0.64,71.75,0.02,0.03,Generatore a combustione,,Gas naturale,44.0,,,,0.83,0.0,86.59,Pompa di calore,Energia elettrica,3.5,,,,2.08,1.37,5.69,Scalda-acqua,Energia elettrica,1.2,0.34,10.15,42.09,,,,,,,,,,,,,,,,,,,,,,,,0.0,0,,,0.0,,0.0,0.0,,,,0.0,0.0,0.0,,,,0.0,0.0,0.0,True,True,False,False,True,False,Riccardo Giancarlo Milani,Diploma di laurea in architettura,Altro,4.0,8.0,4.0,45.4039024,8.9151682
91,1213800007019,04/07/2019,True,False,VERGIATE,SE,2,1258,1,False,False,E.1 (1),False,True,False,2,False,True,False,False,False,False,,Lombardia,VERGIATE,VIA CLAUDIO TREVES 8,VIA CLAUDIO TREVES 8 VERGIATE,,,45.71505654732614,8.686039289237144,"(45.715056547326135, 8.686039289237145)",E,1930-1945,98.6,0.0,436.26,0.0,True,False,False,True,False,False,red,red,False,G,328.11,"B (71,6)",,0.0,62.43,0.0,3099.69,0,0,0.0,0,0,0,0,0,0,0,0,0,,,1.0,Fabbricato - involucro opaco,No,7.0,10.0,285.02,,,,,,,,,,,,,,,,,,,,,,,,,,,,,,,,,,,,,0.0,,237.8,0.55,218.52,0.05,0.38,Impianto simulato in quanto assente,,Gas naturale,,,,,0.73,0.0,298.18,,,,,,,0.0,0.0,0.0,,,,0.57,0.0,29.93,,,,,,,,,,,,,,,,,,,,,,,,0.0,0,,,0.0,,0.0,0.0,,,,,,,,,,,,,True,True,False,False,True,False,ROBERTO FARISELLI,Diploma di laurea in architettura,,1.0,3.0,1.0,45.71503939999999,8.6853743
92,1305500002619,05/07/2019,True,False,CASSINA RIZZARDI,,6,1699,701,False,False,E.1 (1),False,True,False,2,False,True,False,False,False,False,,Lombardia,CASSINA RIZZARDI,via dante  2,via dante  2 CASSINA RIZZARDI,T,,45.751874191716716,9.027797170860074,"(45.75187419171672, 9.027797170860074)",E,1975,144.3,0.0,619.91,0.0,True,False,False,True,False,False,red,green,False,G,436.71,"B (111,72)",,0.0,83.1,0.0,6037.81,0,0,0.0,0,0,0,0,0,0,0,0,0,G,413.27,,,,,,,2.0,Fabbricato - involucro trasparente,No,20.0,10.0,413.27,,,,,,,,,,,,,,,,,,,,,,,,,7.0,Cumulativo,No,20.0,10.0,413.27,0.0,,565.77,0.91,299.77,0.03,0.06,Impianto simulato in quanto assente,,Gas naturale,,,,,0.73,0.0,409.04,,,,,,,0.0,0.0,0.0,,,,0.57,0.0,27.67,,,,,,,,,,,,,,,,,,,,,,,,0.0,0,,,0.0,,0.0,0.0,,,,,,,,,,,,,True,True,False,False,True,False,Marco Tenconi,Diploma di geometra,Collegio dei geometri,2.0,3.0,2.0,45.7520403,9.028763999999999
93,1607700010719,02/07/2019,True,False,CLUSONE,,36,237,713,False,False,E.1 (1),False,True,False,9,False,False,True,False,False,False,,Lombardia,CLUSONE,via Cli' 33,via Cli' 33 CLUSONE,,,,,,E,Prima del 1930,47.3,0.0,170.5,0.0,True,False,False,True,False,False,red,yellow,False,E,158.58,"B (64,57)",,0.0,30.17,0.0,718.66,0,0,0.0,0,0,0,0,0,0,0,0,0,A3,26.07,1.0,Fabbricato - involucro opaco,Si,10.0,5.0,70.02,,,,,,,,,,,,,,,,,,,,,,,,,6.0,Fonti rinnovabili,Si,10.0,6.0,89.59,7.0,Cumulativo,Si,10.0,2.0,26.07,0.0,,89.6,0.53,105.84,0.03,0.44,Generatore a combustione,,Gas naturale,19.0,,,,0.8,0.0,132.2,,,,,,,0.0,0.0,0.0,Generatore a combustione,Gas naturale,19.0,0.83,0.0,26.38,,,,,,,,,,,,,,,,,,,,,,,,0.0,0,,,0.0,,0.0,0.0,,,,0.0,0.0,0.0,,,,0.0,0.0,0.0,True,True,False,False,True,False,Alessandro Maninetti,Laurea magistrale in ingegneria,Ordine degli ingegneri,,,,45.8903063,9.9438374
94,1514601787319,30/06/2019,True,False,MILANO,,510,148,38,False,False,E.1 (1),False,True,False,1,False,True,False,False,False,False,,Lombardia,MILANO,VIA CORONELLI 10,VIA CORONELLI 10 MILANO,1,,45.449684852984284,9.138864017564538,"(45.44968485298428, 9.138864017564535)",E,1946-1960,80.17,80.17,308.29,308.29,True,True,False,True,False,False,red,green,False,D,158.65,"B (82,04)",,4.84,30.83,824.79,1064.55,0,0,0.0,0,0,0,0,0,0,0,0,0,,,1.0,Fabbricato - involucro opaco,No,4.0,7.0,140.85,,,,,,,,,,,,,,,,,,,,,,,,,,,,,,,,,,,,,0.0,,80.01,0.26,84.75,0.02,0.11,Generatore a combustione,,Gas naturale,390.0,,,,0.75,0.0,113.17,Pompa di calore,Energia elettrica,4.0,,,,1.05,4.83,20.05,Scalda-acqua,Gas naturale,19.2,0.65,0.0,25.43,,,,,,,,,,,,,,,,,,,,,,,,0.0,0,,,0.0,,0.0,0.0,,,,0.0,0.0,0.0,,,,0.0,0.0,0.0,True,True,False,False,True,False,ALBERTO FILIPPO DI LERNIA,Diploma di geometra,Collegio dei geometri,4.0,8.0,4.0,45.4496469,9.1389845
95,1514601789719,01/07/2019,True,False,MILANO,,572,215,8,False,False,E.1 (1),False,True,False,1,False,True,False,False,False,False,,Lombardia,MILANO,Via Capo Palinuro 2,Via Capo Palinuro 2 MILANO,4,,45.438749082089466,9.151541594452953,"(45.43874908208946, 9.151541594452954)",E,1970,90.0,0.0,332.33,0.0,True,False,False,True,False,False,red,red,False,F,123.39,"B (39,02)",,0.0,23.48,0.0,1063.97,0,0,0.0,0,0,0,0,0,0,0,0,0,B,42.59,1.0,Fabbricato - involucro opaco,No,8.5,7.0,60.94,2.0,Fabbricato - involucro trasparente,No,18.3,8.0,101.0,,,,,,,,,,,,,,,,,,,,,,,,,7.0,Cumulativo,No,11.6,5.0,42.59,0.0,,125.45,0.38,78.51,0.09,0.63,Generatore a combustione,FE3ES84341240303,Gas naturale,122.0,,,,0.76,0.0,103.9,,,,,,,0.0,0.0,0.0,Generatore a combustione,Gas naturale,122.0,0.83,0.0,19.48,,,,,,,,,,,,,,,,,,,,,,,,0.0,0,,,0.0,,0.0,0.0,,,,0.0,0.0,0.0,,,,0.0,0.0,0.0,True,True,False,False,True,False,Michele Lunghi,Diploma di geometra,Collegio dei geometri,4.0,8.0,4.0,45.4387422,9.1522989
96,1716300010619,05/07/2019,True,False,RODENGO SAIANO,NCT,10,48,20,False,False,E.1 (1),True,False,False,1,False,True,False,False,False,False,,Lombardia,RODENGO - SAIANO,via Ponte Cingoli 29,via Ponte Cingoli 29 RODENGO - SAIANO,,,,,,E,1975,87.4,0.0,373.1,0.0,True,False,False,True,False,False,red,yellow,False,G,451.32,"B (90,06)",,0.9,86.0,167.7,3748.08,0,0,0.0,0,0,0,0,0,0,0,0,0,,,1.0,Fabbricato - involucro opaco,No,3.0,10.0,374.16,,,,,,,,,,,,,,,,,,,,,,,,,,,,,,,,,,,,,0.0,,290.85,0.78,268.0,0.03,0.04,Generatore a combustione,,Gas naturale,24.4,,,,0.63,0.89,428.69,,,,,,,0.0,0.0,0.0,Generatore a combustione,Gas naturale,24.4,0.77,0.02,22.63,,,,,,,,,,,,,,,,,,,,,,,,0.0,0,,,0.0,,0.0,0.0,,,,0.0,0.0,0.0,,,,0.0,0.0,0.0,True,True,False,False,True,False,Alberto Archetti,Laurea magistrale in architettura,Ordine degli architetti,,,,45.5971564,10.1119264
97,1709200016619,03/07/2019,True,False,LONATO DEL GARDA,NCT,11,419,2,False,False,E.1 (2),False,True,False,2,False,False,True,False,False,False,,Lombardia,LONATO DEL GARDA,VIA SANT'ANNA 22,VIA SANT'ANNA 22 LONATO DEL GARDA,PPI-PP,,,,,E,1993-2006,208.89,77.05,892.35,322.2,True,True,False,True,False,False,red,green,False,F,261.04,"B (97,24)",,0.3,49.71,132.2,5199.89,0,0,0.0,0,0,0,0,0,0,0,0,0,,,1.0,Fabbricato - involucro opaco,No,18.0,8.0,203.76,,,,,,,,,,,,,,,,,,,,,,,,,,,,,,,,,,,,,0.0,,577.31,0.65,158.75,0.01,0.1,Generatore a combustione,0Z6NN31074440403,Gas naturale,34.9,,,,0.67,0.29,237.29,Pompa di calore,Energia elettrica,14.0,,,,1.22,0.01,0.04,Generatore a combustione,Gas naturale,34.9,0.59,0.0,23.72,,,,,,,,,,,,,,,,,,,,,,,,0.0,0,,,0.0,,0.0,0.0,,,,0.0,0.0,0.0,,,,0.0,0.0,0.0,True,True,False,False,True,False,Alessandra Martinelli,Diploma di geometra,Collegio dei geometri,,,,45.486642,10.492682
98,10803300145419,05/07/2019,True,False,MONZA,,59,352,8,False,False,E.1 (1),False,True,False,14,True,False,False,False,False,False,,Lombardia,MONZA,Via Mentana 39,Via Mentana 39 MONZA,2,,,,,E,2019,73.2,0.0,295.37,0.0,True,False,False,True,False,False,green,yellow,True,A4,42.14,"A2 (66,05)",,80.69,9.36,1581.72,0.0,0,0,0.0,0,0,0,556,0,0,0,0,4605,,,,,,,,,,,,,,,,,,,,,,,,,,,,,,,,,,,,,,,,,,,,,35.82,elettricità,203.91,0.69,44.51,0.02,0.92,Pompa di calore,,Energia elettrica,58.84,,,,1.78,46.71,25.06,,,,,,,0.0,0.0,0.0,Pompa di calore,Energia elettrica,58.84,1.03,33.97,17.08,,,,,,,Fotovoltaico,Energia elettrica,0.6,,,,Pompa di calore,Energia elettrica,58.84,,,,,,,,,0.0,0,,,0.0,,0.0,0.0,,,,0.0,0.0,0.0,,,,0.0,0.0,0.0,True,True,False,False,True,False,Dario Colombo,Diploma di laurea in architettura,Ordine degli architetti,,,,45.5778204,9.281323
